avatar_id,mobile,language,city,date,id_request
6056,1,austrian,amsterdam,39,1
6057,1,austrian,copenhagen,9,3
6058,0,austrian,copenhagen,9,2
6059,0,austrian,amsterdam,9,0
6093,1,paris,austrian,12,7
28382,0,austrian,copenhagen,34,2
28383,0,austrian,sofia,31,10
28384,0,danish,amsterdam,21,90
28385,1,austrian,vienna,6,15
28386,1,bulgarian,rome,23,27
28387,0,danish,amsterdam,0,90
31628,1,cypriot,madrid,22,59
31629,1,irish,vilnius,29,251
31630,1,slovene,paris,0,421
31631,0,austrian,vienna,31,14
31632,1,portuguese,vienna,29,375
31633,1,croatian,paris,6,43
31634,0,austrian,paris,11,6
31635,1,romanian,amsterdam,10,379
31636,1,italian,vienna,9,267
31637,1,swedish,vilnius,41,467
31638,0,slovene,amsterdam,30,414
31639,1,lithuanian,sofia,4,299
31640,1,slovakian,sofia,12,407
31641,0,estonian,rome,4,134
31642,0,spanish,sofia,19,442
31643,1,slovene,madrid,35,419
31644,0,romanian,paris,17,384
31645,1,latvian,sofia,20,281
31646,0,luxembourgish,amsterdam,15,306
31647,1,german,madrid,19,185
31648,1,bulgarian,copenhagen,36,21
31649,0,luxembourgish,vienna,29,320
31650,1,lithuanian,rome,24,297
31651,0,swedish,amsterdam,43,450
31652,1,maltese,vienna,3,339
31653,0,romanian,copenhagen,8,380
31654,1,german,sofia,42,191
31655,1,cypriot,sofia,34,65
31656,1,swedish,vienna,40,465
31657,1,estonian,vienna,10,141
31658,0,estonian,amsterdam,5,126
31659,0,croatian,vienna,22,50
31660,0,dutch,sofia,37,118
31661,0,austrian,copenhagen,34,2
31662,1,greek,vilnius,24,215
31663,1,french,vilnius,18,179
31664,1,spanish,madrid,41,437
31665,0,slovakian,sofia,38,406
31666,1,slovene,rome,19,423
31667,1,luxembourgish,vilnius,0,323
31668,0,finnish,vienna,10,158
31669,0,lithuanian,vienna,20,302
31670,1,french,valletta,26,175
31671,0,latvian,madrid,2,274
31672,0,french,vienna,9,176
31673,0,irish,rome,9,242
31674,1,polish,vienna,29,357
31675,0,greek,copenhagen,35,200
31676,0,portuguese,rome,41,368
31677,1,croatian,vienna,23,51
31678,1,luxembourgish,copenhagen,14,309
31679,0,croatian,vilnius,1,52
31680,1,italian,vilnius,6,269
31681,0,danish,vienna,13,104
31682,0,greek,valletta,33,210
31683,0,italian,vienna,27,266
31684,0,finnish,sofia,33,154
31685,0,french,sofia,32,172
31686,0,austrian,paris,28,6
31687,1,luxembourgish,amsterdam,19,307
31688,0,czech,rome,8,80
31689,1,latvian,vienna,7,285
31690,1,finnish,madrid,18,149
31691,0,luxembourgish,madrid,27,310
31692,0,cypriot,madrid,40,58
31693,0,slovene,valletta,25,426
31694,0,swedish,vienna,38,464
31695,1,latvian,valletta,29,283
31696,0,luxembourgish,valletta,21,318
31697,1,romanian,vienna,12,393
31698,0,croatian,copenhagen,22,38
31699,0,latvian,rome,40,278
31700,1,slovakian,madrid,10,401
31701,1,austrian,valletta,13,13
31702,1,french,amsterdam,44,163
31703,1,lithuanian,copenhagen,24,291
31704,1,finnish,paris,38,151
31705,0,austrian,sofia,35,10
31706,1,finnish,valletta,17,157
31707,1,german,rome,14,189
31708,1,lithuanian,vilnius,25,305
31709,1,cypriot,vilnius,32,71
31710,1,latvian,copenhagen,34,273
31711,1,slovene,paris,22,421
31712,0,hungarian,copenhagen,29,218
31713,0,estonian,madrid,7,130
31714,1,bulgarian,sofia,1,29
31715,0,luxembourgish,paris,42,312
31716,0,luxembourgish,copenhagen,23,308
31717,0,irish,sofia,19,244
31718,1,estonian,paris,39,133
31719,1,irish,vilnius,43,251
31720,1,cypriot,rome,23,63
31721,1,german,paris,35,187
31722,0,austrian,valletta,26,12
31723,0,german,valletta,44,192
31724,0,bulgarian,sofia,8,28
31725,0,lithuanian,amsterdam,25,288
31726,1,hungarian,amsterdam,26,217
31727,1,polish,madrid,41,347
31728,0,maltese,madrid,7,328
31729,1,latvian,madrid,35,275
31730,1,romanian,valletta,34,391
31731,1,bulgarian,rome,9,27
31732,0,maltese,rome,11,332
31733,0,latvian,vilnius,5,286
31734,0,portuguese,copenhagen,42,362
31735,1,latvian,rome,21,279
31736,0,czech,vienna,38,86
31737,1,italian,paris,29,259
31738,1,german,vienna,32,195
31739,0,spanish,rome,6,440
31740,0,romanian,madrid,1,382
31741,0,estonian,copenhagen,14,128
31742,0,italian,sofia,24,262
31743,1,czech,rome,25,81
31744,0,maltese,amsterdam,5,324
31745,0,french,valletta,31,174
31746,0,slovakian,vilnius,34,412
31747,1,finnish,vilnius,21,161
31748,1,portuguese,amsterdam,20,361
31749,1,croatian,madrid,24,41
31750,0,finnish,madrid,44,148
31751,1,slovakian,copenhagen,13,399
31752,0,danish,valletta,16,102
31753,0,italian,vilnius,20,268
31754,1,danish,paris,8,97
31755,1,croatian,paris,35,43
31756,0,greek,rome,42,206
31757,0,german,vilnius,30,196
31758,1,bulgarian,paris,44,25
31759,0,czech,sofia,10,82
31760,1,bulgarian,amsterdam,30,19
31761,1,polish,copenhagen,29,345
31762,0,czech,paris,5,78
31763,1,dutch,amsterdam,27,109
31764,0,lithuanian,vilnius,42,304
31765,1,bulgarian,madrid,8,23
31766,0,croatian,paris,18,42
31767,0,estonian,vienna,13,140
31768,1,irish,vienna,5,249
31769,1,estonian,vilnius,24,143
31770,0,maltese,valletta,6,336
31771,0,italian,paris,3,258
31772,0,latvian,sofia,23,280
31773,1,danish,rome,0,99
31774,1,czech,madrid,9,77
31775,1,polish,amsterdam,29,343
31776,1,slovene,valletta,16,427
31777,0,irish,paris,40,240
31778,0,danish,paris,10,96
31779,0,finnish,valletta,14,156
31780,1,maltese,vilnius,20,341
31781,0,finnish,vilnius,10,160
31782,0,hungarian,madrid,23,220
31783,1,dutch,valletta,34,121
31784,1,cypriot,vienna,16,69
31785,1,latvian,vilnius,6,287
31786,0,italian,rome,29,260
31787,0,finnish,amsterdam,12,144
31788,0,estonian,amsterdam,42,126
31789,0,luxembourgish,sofia,19,316
31790,1,irish,amsterdam,39,235
31791,0,bulgarian,sofia,35,28
31792,0,bulgarian,paris,12,24
31793,1,maltese,sofia,21,335
31794,0,hungarian,valletta,40,228
31795,0,croatian,valletta,5,48
31796,0,hungarian,vienna,11,230
31797,0,lithuanian,rome,31,296
31798,0,estonian,vienna,26,140
31799,1,danish,valletta,19,103
31800,1,hungarian,paris,8,223
31801,0,portuguese,rome,43,368
31802,0,greek,madrid,30,202
31803,1,austrian,copenhagen,26,3
31804,0,bulgarian,madrid,28,22
31805,0,swedish,paris,6,456
31806,1,swedish,amsterdam,28,451
31807,0,slovakian,valletta,15,408
31808,0,finnish,valletta,26,156
31809,1,german,paris,21,187
31810,0,maltese,rome,29,332
31811,1,swedish,vilnius,9,467
31812,1,latvian,vilnius,26,287
31813,1,hungarian,rome,4,225
31814,1,irish,madrid,0,239
31815,1,greek,sofia,43,209
31816,1,slovakian,sofia,10,407
31817,0,polish,madrid,15,346
31818,1,hungarian,valletta,30,229
31819,0,swedish,copenhagen,0,452
31820,0,greek,amsterdam,14,198
31821,0,greek,paris,3,204
31822,1,luxembourgish,madrid,16,311
31823,0,austrian,paris,34,6
31824,0,luxembourgish,amsterdam,35,306
31825,0,romanian,vienna,24,392
31826,0,finnish,rome,16,152
31827,0,danish,rome,30,98
31828,1,croatian,valletta,16,49
31829,1,estonian,vienna,20,141
31830,0,portuguese,valletta,1,372
31831,1,austrian,valletta,12,13
31832,0,greek,rome,15,206
31833,0,portuguese,amsterdam,17,360
31834,0,maltese,vienna,9,338
31835,1,cypriot,vilnius,24,71
31836,1,italian,madrid,39,257
31837,1,danish,copenhagen,20,93
31838,1,spanish,madrid,10,437
31839,0,maltese,valletta,15,336
31840,0,croatian,sofia,7,46
31841,1,cypriot,vienna,25,69
31842,0,slovene,vienna,13,428
31843,0,maltese,madrid,29,328
31844,1,czech,vienna,38,87
31845,1,danish,madrid,20,95
31846,1,latvian,madrid,44,275
31847,1,swedish,madrid,28,455
31848,1,romanian,rome,35,387
31849,0,slovene,sofia,32,424
31850,1,danish,vienna,23,105
31851,0,italian,rome,6,260
31852,0,italian,sofia,5,262
31853,1,romanian,amsterdam,20,379
31854,0,luxembourgish,madrid,8,310
31855,0,dutch,amsterdam,14,108
31856,1,czech,vilnius,7,89
31857,0,romanian,madrid,37,382
31858,1,portuguese,rome,19,369
31859,1,dutch,madrid,11,113
31860,1,austrian,sofia,8,11
31861,0,cypriot,sofia,31,64
31862,0,irish,rome,34,242
31863,1,italian,valletta,36,265
31864,0,cypriot,madrid,4,58
31865,0,austrian,valletta,32,12
31866,0,portuguese,copenhagen,31,362
31867,1,latvian,vienna,11,285
31868,1,slovakian,vilnius,6,413
31869,0,slovene,rome,3,422
31870,0,italian,madrid,24,256
31871,0,cypriot,amsterdam,42,54
31872,1,swedish,paris,10,457
31873,1,czech,paris,40,79
31874,0,french,madrid,43,166
31875,1,czech,valletta,26,85
31876,1,croatian,madrid,28,41
31877,0,austrian,copenhagen,37,2
31878,0,maltese,vilnius,3,340
31879,0,dutch,vienna,40,122
31880,0,slovakian,rome,20,404
31881,0,bulgarian,rome,8,26
31882,1,polish,valletta,22,355
31883,0,spanish,paris,17,438
31884,0,danish,vienna,26,104
31885,0,slovakian,madrid,14,400
31886,1,cypriot,copenhagen,35,57
31887,1,german,vilnius,0,197
31888,1,croatian,paris,5,43
31889,0,croatian,madrid,38,40
31890,1,bulgarian,vilnius,12,35
31891,0,lithuanian,valletta,39,300
31892,1,slovene,madrid,42,419
31893,1,czech,sofia,3,83
31894,0,bulgarian,copenhagen,27,20
31895,0,swedish,vienna,28,464
31896,1,maltese,vilnius,33,341
31897,0,croatian,copenhagen,31,38
31898,1,french,madrid,11,167
31899,1,portuguese,amsterdam,40,361
31900,0,lithuanian,vienna,19,302
31901,0,czech,sofia,9,82
31902,0,italian,valletta,25,264
31903,1,romanian,sofia,9,389
31904,1,croatian,rome,29,45
31905,1,finnish,vienna,5,159
31906,0,estonian,copenhagen,21,128
31907,1,finnish,amsterdam,29,145
31908,0,romanian,valletta,43,390
31909,0,czech,vienna,36,86
31910,1,hungarian,vienna,4,231
31911,0,italian,copenhagen,17,254
31912,0,austrian,madrid,37,4
31913,0,cypriot,valletta,33,66
31914,0,spanish,amsterdam,41,432
31915,1,german,amsterdam,6,181
31916,1,croatian,sofia,30,47
31917,0,latvian,madrid,1,274
31918,0,danish,paris,36,96
31919,0,cypriot,paris,18,60
31920,0,romanian,copenhagen,12,380
31921,1,hungarian,sofia,26,227
31922,1,finnish,madrid,10,149
31923,0,latvian,amsterdam,25,270
31924,1,luxembourgish,rome,15,315
31925,0,lithuanian,sofia,23,298
31926,0,irish,copenhagen,28,236
31927,1,romanian,paris,2,385
31928,1,czech,copenhagen,4,75
31929,1,latvian,rome,30,279
31930,1,hungarian,copenhagen,12,219
31931,1,spanish,valletta,11,445
31932,1,danish,amsterdam,31,91
31933,0,czech,copenhagen,28,74
31934,0,czech,valletta,25,84
31935,0,spanish,vienna,8,446
31936,1,polish,amsterdam,35,343
31937,0,luxembourgish,vienna,23,320
31938,0,finnish,copenhagen,33,146
31939,1,spanish,vilnius,25,449
31940,0,lithuanian,amsterdam,21,288
31941,1,slovakian,vienna,36,411
31942,1,greek,vienna,44,213
31943,0,finnish,amsterdam,35,144
31944,1,lithuanian,valletta,9,301
31945,1,greek,paris,34,205
31946,1,portuguese,vilnius,31,377
31947,1,lithuanian,vilnius,32,305
31948,1,romanian,vienna,19,393
31949,1,portuguese,copenhagen,30,363
31950,0,lithuanian,paris,27,294
31951,0,slovakian,copenhagen,40,398
31952,1,romanian,madrid,22,383
31953,1,austrian,rome,44,9
31954,1,portuguese,paris,5,367
31955,0,danish,vilnius,22,106
31956,0,polish,valletta,21,354
31957,0,french,vilnius,10,178
31958,0,austrian,vilnius,19,16
31959,1,greek,madrid,44,203
31960,1,estonian,copenhagen,34,129
31961,1,finnish,sofia,20,155
31962,0,bulgarian,valletta,37,30
31963,0,luxembourgish,copenhagen,34,308
31964,1,german,sofia,13,191
31965,1,french,copenhagen,31,165
31966,1,dutch,vienna,26,123
31967,0,french,sofia,29,172
31968,1,hungarian,vilnius,31,233
31969,1,lithuanian,rome,35,297
31970,1,irish,copenhagen,34,237
31971,0,romanian,rome,32,386
31972,1,bulgarian,vienna,36,33
31973,1,spanish,vienna,10,447
31974,1,lithuanian,sofia,15,299
31975,0,german,sofia,8,190
31976,0,german,amsterdam,20,180
31977,1,romanian,copenhagen,42,381
31978,0,luxembourgish,vilnius,20,322
31979,0,german,rome,17,188
31980,0,polish,vilnius,4,358
31981,0,croatian,vilnius,32,52
31982,1,swedish,valletta,10,463
31983,1,swedish,sofia,33,461
31984,1,italian,sofia,20,263
31985,1,slovakian,copenhagen,31,399
31986,0,estonian,sofia,34,136
31987,0,bulgarian,amsterdam,27,18
31988,0,austrian,sofia,28,10
31989,0,spanish,vilnius,37,448
31990,0,slovakian,paris,26,402
31991,1,croatian,amsterdam,16,37
31992,0,polish,amsterdam,9,342
31993,0,greek,vienna,12,212
31994,1,greek,rome,7,207
31995,0,polish,copenhagen,24,344
31996,0,polish,rome,33,350
31997,1,maltese,vienna,3,339
31998,0,slovene,madrid,22,418
31999,0,croatian,vienna,39,50
32000,1,lithuanian,amsterdam,35,289
32001,0,croatian,paris,7,42
32002,0,croatian,rome,26,44
32003,1,portuguese,madrid,14,365
32004,0,dutch,rome,42,116
32005,0,estonian,vilnius,34,142
32006,0,cypriot,vienna,16,68
32007,0,czech,madrid,23,76
32008,1,swedish,vienna,15,465
32009,1,spanish,rome,14,441
32010,1,bulgarian,paris,2,25
32011,0,spanish,rome,27,440
32012,0,portuguese,sofia,5,370
32013,0,irish,amsterdam,28,234
32014,0,croatian,amsterdam,17,36
32015,0,bulgarian,vienna,6,32
32016,1,maltese,amsterdam,21,325
32017,0,cypriot,rome,39,62
32018,0,spanish,valletta,4,444
32019,1,lithuanian,vienna,29,303
32020,0,greek,sofia,41,208
32021,0,italian,vienna,15,266
32022,1,greek,copenhagen,31,201
32023,1,danish,paris,19,97
32024,0,finnish,paris,44,150
32025,0,luxembourgish,rome,5,314
32026,1,german,copenhagen,34,183
32027,1,bulgarian,sofia,12,29
32028,1,slovene,valletta,7,427
32029,1,danish,rome,26,99
32030,0,slovene,valletta,15,426
32031,0,latvian,valletta,0,282
32032,1,cypriot,madrid,43,59
32033,1,dutch,valletta,15,121
32034,0,estonian,madrid,23,130
32035,0,italian,amsterdam,15,252
32036,1,luxembourgish,paris,28,313
32037,1,spanish,sofia,12,443
32038,0,czech,vilnius,30,88
32039,1,bulgarian,madrid,1,23
32040,0,romanian,sofia,16,388
32041,0,austrian,amsterdam,5,0
32042,1,austrian,madrid,29,5
32043,0,bulgarian,vilnius,31,34
32044,1,slovene,amsterdam,10,415
32045,1,german,vienna,13,195
32046,0,austrian,rome,25,8
32047,0,dutch,sofia,41,118
32048,0,polish,vienna,21,356
32049,1,irish,paris,7,241
32050,0,luxembourgish,valletta,40,318
32051,1,portuguese,valletta,24,373
32052,1,slovene,sofia,4,425
32053,1,german,rome,25,189
32054,0,estonian,valletta,29,138
32055,0,danish,sofia,26,100
32056,0,latvian,rome,10,278
32057,1,hungarian,madrid,7,221
32058,1,portuguese,vienna,12,375
32059,1,spanish,paris,25,439
32060,0,luxembourgish,paris,27,312
32061,0,italian,vilnius,13,268
32062,0,estonian,rome,7,134
32063,0,french,paris,6,168
32064,0,polish,paris,2,348
32065,1,italian,rome,23,261
32066,1,danish,sofia,27,101
32067,1,dutch,amsterdam,23,109
32068,1,bulgarian,valletta,31,31
32069,0,finnish,vilnius,17,160
32070,1,polish,copenhagen,27,345
32071,0,hungarian,vilnius,36,232
32072,1,latvian,amsterdam,13,271
32073,0,finnish,madrid,15,148
32074,1,finnish,paris,42,151
32075,0,romanian,paris,1,384
32076,0,german,vilnius,7,196
32077,0,spanish,sofia,7,442
32078,1,slovakian,paris,1,403
32079,0,german,copenhagen,20,182
32080,1,croatian,vienna,34,51
32081,1,finnish,valletta,10,157
32082,0,german,madrid,15,184
32083,1,croatian,vilnius,8,53
32084,0,hungarian,madrid,0,220
32085,0,czech,rome,32,80
32086,1,swedish,rome,25,459
32087,0,latvian,vienna,34,284
32088,1,cypriot,amsterdam,3,55
32089,0,slovene,paris,5,420
32090,0,slovene,amsterdam,1,414
32091,0,lithuanian,vilnius,32,304
32092,1,czech,madrid,43,77
32093,0,hungarian,rome,18,224
32094,1,dutch,vilnius,27,125
32095,1,polish,sofia,18,353
32096,0,swedish,vilnius,34,466
32097,0,hungarian,sofia,8,226
32098,1,lithuanian,paris,21,295
32099,0,danish,madrid,15,94
32100,1,czech,amsterdam,25,73
32101,1,slovene,vilnius,25,431
32102,1,polish,paris,14,349
32103,0,finnish,vienna,33,158
32104,1,maltese,copenhagen,44,327
32105,0,latvian,paris,15,276
32106,0,austrian,vienna,35,14
32107,1,luxembourgish,valletta,43,319
32108,1,luxembourgish,copenhagen,23,309
32109,0,french,amsterdam,22,162
32110,1,cypriot,paris,25,61
32111,1,maltese,valletta,15,337
32112,1,irish,vilnius,28,251
32113,1,french,valletta,32,175
32114,1,luxembourgish,vienna,18,321
32115,1,bulgarian,amsterdam,34,19
32116,1,cypriot,valletta,24,67
32117,0,swedish,amsterdam,37,450
32118,0,german,valletta,32,192
32119,1,irish,vienna,31,249
32120,0,czech,paris,17,78
32121,0,dutch,vilnius,7,124
32122,0,danish,valletta,17,102
32123,1,danish,vilnius,7,107
32124,1,cypriot,sofia,34,65
32125,1,estonian,paris,1,133
32126,0,dutch,madrid,10,112
32127,1,dutch,paris,25,115
32128,0,slovene,copenhagen,0,416
32129,1,latvian,paris,44,277
32130,1,austrian,vilnius,41,17
32131,1,finnish,vilnius,23,161
32132,0,dutch,paris,28,114
32133,0,maltese,copenhagen,31,326
32134,1,polish,vienna,10,357
32135,0,dutch,copenhagen,3,110
32136,0,latvian,vilnius,41,286
32137,1,estonian,amsterdam,31,127
32138,1,bulgarian,rome,39,27
32139,1,polish,rome,17,351
32140,1,greek,valletta,20,211
32141,1,estonian,vilnius,39,143
32142,1,slovene,paris,25,421
32143,1,austrian,vienna,31,15
32144,1,hungarian,amsterdam,28,217
32145,0,french,rome,2,170
32146,0,slovene,vilnius,9,430
32147,0,latvian,sofia,30,280
32148,1,slovene,rome,3,423
32149,0,german,paris,1,186
32150,0,hungarian,paris,42,222
32151,1,french,sofia,37,173
32152,1,polish,madrid,38,347
32153,1,greek,amsterdam,11,199
32154,0,portuguese,vilnius,43,376
32155,1,french,vienna,1,177
32156,0,estonian,paris,27,132
32157,1,maltese,paris,11,331
32158,1,dutch,rome,24,117
32159,1,italian,copenhagen,35,255
32160,1,estonian,madrid,28,131
32161,0,irish,vilnius,14,250
32162,0,polish,sofia,3,352
32163,0,irish,valletta,28,246
32164,1,austrian,paris,24,7
32165,1,slovene,copenhagen,27,417
32166,0,danish,copenhagen,17,92
32167,0,irish,sofia,28,244
32168,0,irish,madrid,14,238
32169,0,romanian,vilnius,24,394
32170,1,romanian,vilnius,29,395
32171,0,maltese,amsterdam,36,324
32172,1,latvian,copenhagen,12,273
32173,0,maltese,paris,37,330
32174,0,dutch,valletta,0,120
32175,1,maltese,madrid,8,329
32176,0,cypriot,copenhagen,7,56
32177,1,finnish,copenhagen,42,147
32178,1,romanian,valletta,31,391
32179,1,spanish,copenhagen,36,435
32180,0,lithuanian,copenhagen,37,290
32181,0,italian,paris,26,258
32182,0,greek,copenhagen,4,200
32183,0,swedish,rome,3,458
32184,1,czech,rome,22,81
32185,1,dutch,sofia,21,119
32186,1,maltese,rome,33,333
32187,1,italian,paris,6,259
32188,1,austrian,amsterdam,17,1
32189,1,latvian,sofia,8,281
32190,1,estonian,rome,8,135
32191,1,dutch,copenhagen,24,111
32192,1,cypriot,rome,35,63
32193,1,bulgarian,copenhagen,39,21
32194,0,cypriot,vilnius,20,70
32195,0,greek,vilnius,4,214
32196,1,french,amsterdam,22,163
32197,0,spanish,madrid,33,436
32198,1,swedish,copenhagen,15,453
32199,0,slovakian,vilnius,20,412
32200,1,irish,valletta,44,247
32201,1,french,paris,26,169
32202,0,greek,valletta,19,210
32203,1,slovakian,amsterdam,9,397
32204,0,german,vienna,42,194
32205,0,portuguese,madrid,11,364
32206,1,french,rome,37,171
32207,1,luxembourgish,sofia,32,317
32208,1,irish,rome,40,243
32209,1,slovakian,madrid,26,401
32210,1,german,madrid,37,185
32211,0,spanish,copenhagen,31,434
32212,0,swedish,sofia,17,460
32213,0,swedish,madrid,12,454
32214,1,lithuanian,copenhagen,6,291
32215,1,french,vilnius,41,179
32216,0,finnish,sofia,0,154
32217,1,spanish,amsterdam,41,433
32218,0,lithuanian,madrid,30,292
32219,0,portuguese,paris,28,366
32220,1,greek,vilnius,16,215
32221,1,polish,vilnius,38,359
32222,1,latvian,valletta,33,283
32223,0,danish,amsterdam,32,90
32224,1,luxembourgish,vilnius,33,323
32225,0,maltese,sofia,39,334
32226,0,romanian,amsterdam,38,378
32227,0,latvian,copenhagen,6,272
32228,0,hungarian,copenhagen,23,218
32229,0,slovakian,vienna,44,410
32230,0,irish,paris,20,240
32231,1,german,valletta,16,193
32232,0,irish,vienna,34,248
32233,1,slovene,vienna,44,429
32234,0,swedish,valletta,8,462
32235,0,slovakian,sofia,36,406
32236,0,french,valletta,1,174
32237,1,finnish,rome,39,153
32238,1,portuguese,sofia,34,371
32239,1,irish,sofia,32,245
32240,1,lithuanian,madrid,37,293
32241,1,estonian,sofia,2,137
32242,1,slovakian,rome,29,405
32243,1,italian,vilnius,41,269
32244,0,czech,amsterdam,18,72
32245,0,slovakian,amsterdam,29,396
32246,1,luxembourgish,amsterdam,31,307
32247,0,hungarian,amsterdam,39,216
32248,1,croatian,copenhagen,36,39
32249,0,portuguese,vienna,1,374
32250,0,french,vienna,34,176
32251,1,slovakian,valletta,42,409
32252,1,italian,amsterdam,33,253
32253,0,french,copenhagen,25,164
32254,1,italian,vienna,40,267
32255,1,estonian,valletta,6,139
55632,0,portuguese,valletta,12,372
55633,1,polish,vienna,5,357
55634,0,italian,sofia,43,262
55635,0,lithuanian,sofia,8,298
55636,0,finnish,paris,15,150
55637,1,latvian,paris,44,277
55638,1,irish,rome,37,243
55639,1,german,amsterdam,29,181
55640,0,romanian,madrid,40,382
55641,0,czech,madrid,11,76
55642,0,finnish,sofia,8,154
55643,1,spanish,amsterdam,40,433
55644,1,finnish,paris,9,151
55645,0,irish,vienna,31,248
55646,0,bulgarian,paris,10,24
55647,1,austrian,paris,11,7
55648,0,estonian,vienna,11,140
55649,0,greek,rome,32,206
55650,0,german,copenhagen,27,182
55651,1,bulgarian,paris,6,25
55652,1,spanish,paris,23,439
55653,1,lithuanian,vienna,3,303
55654,0,finnish,madrid,15,148
55655,0,lithuanian,paris,4,294
55656,0,greek,vienna,40,212
55657,1,french,paris,22,169
55658,1,cypriot,madrid,28,59
55659,0,estonian,amsterdam,30,126
55660,0,slovakian,paris,35,402
55661,1,bulgarian,vilnius,36,35
55662,0,estonian,sofia,27,136
55663,1,greek,valletta,41,211
55664,1,french,sofia,35,173
55665,1,luxembourgish,amsterdam,27,307
55666,1,german,rome,15,189
55667,0,german,paris,26,186
55668,1,danish,paris,4,97
55669,0,german,vilnius,19,196
55670,0,cypriot,valletta,41,66
55671,0,dutch,madrid,29,112
55672,1,luxembourgish,copenhagen,19,309
55673,0,austrian,madrid,12,4
55674,0,italian,vienna,11,266
55675,1,estonian,copenhagen,16,129
55676,0,cypriot,paris,4,60
55677,1,polish,amsterdam,7,343
55678,1,danish,madrid,24,95
55679,0,latvian,rome,14,278
55680,1,luxembourgish,valletta,0,319
55681,1,czech,rome,12,81
55682,0,lithuanian,copenhagen,29,290
55683,0,croatian,valletta,14,48
55684,1,czech,madrid,15,77
55685,0,german,amsterdam,33,180
55686,0,slovakian,copenhagen,22,398
55687,1,french,madrid,11,167
55688,0,polish,valletta,42,354
55689,1,croatian,vienna,28,51
55690,0,finnish,vilnius,43,160
55691,0,portuguese,vilnius,32,376
55692,0,cypriot,rome,18,62
55693,1,luxembourgish,sofia,7,317
55694,1,czech,paris,3,79
55695,1,slovene,paris,1,421
55696,1,cypriot,copenhagen,36,57
55697,1,bulgarian,amsterdam,4,19
55698,0,greek,sofia,3,208
55699,1,croatian,copenhagen,34,39
55700,0,spanish,amsterdam,29,432
55701,0,german,vienna,36,194
55702,1,lithuanian,paris,34,295
55703,0,romanian,paris,22,384
55704,0,portuguese,vienna,6,374
55705,0,lithuanian,rome,13,296
55706,1,estonian,vienna,2,141
55707,1,irish,madrid,24,239
55708,1,bulgarian,sofia,0,29
55709,0,slovakian,madrid,12,400
55710,1,swedish,vilnius,43,467
55711,1,danish,rome,4,99
55712,0,latvian,vienna,12,284
55713,0,cypriot,sofia,7,64
55714,0,polish,rome,30,350
55715,1,irish,vilnius,43,251
55716,0,slovene,madrid,24,418
55717,1,irish,valletta,38,247
55718,0,spanish,vilnius,42,448
55719,0,swedish,copenhagen,14,452
55720,0,swedish,madrid,25,454
55721,1,swedish,valletta,26,463
55722,0,hungarian,copenhagen,16,218
55723,0,french,vilnius,14,178
55724,0,cypriot,madrid,3,58
55725,1,romanian,vienna,20,393
55726,0,bulgarian,madrid,39,22
55727,0,romanian,rome,21,386
55728,1,romanian,madrid,37,383
55729,0,maltese,sofia,35,334
55730,0,estonian,madrid,40,130
55731,1,danish,amsterdam,8,91
55732,1,lithuanian,valletta,22,301
55733,0,czech,rome,32,80
55734,0,italian,valletta,20,264
55735,1,french,amsterdam,24,163
55736,1,luxembourgish,paris,32,313
55737,0,polish,copenhagen,14,344
55738,0,romanian,copenhagen,12,380
55743,0,dutch,valletta,6,120
55744,1,maltese,paris,14,331
55745,1,romanian,copenhagen,9,381
55746,0,slovene,vilnius,25,430
55747,0,finnish,rome,7,152
55748,0,spanish,paris,11,438
55749,0,luxembourgish,amsterdam,5,306
55750,0,italian,amsterdam,38,252
55751,0,portuguese,rome,38,368
55752,1,slovene,copenhagen,1,417
55753,1,slovakian,valletta,40,409
55754,1,hungarian,sofia,21,227
55755,0,latvian,madrid,5,274
55756,1,spanish,rome,38,441
55757,0,irish,sofia,37,244
55758,1,portuguese,sofia,8,371
55759,0,irish,copenhagen,35,236
55760,0,danish,amsterdam,30,90
55761,1,latvian,vienna,11,285
55762,0,croatian,rome,2,44
55763,1,austrian,amsterdam,43,1
55764,1,swedish,copenhagen,19,453
55765,1,croatian,amsterdam,37,37
55766,0,slovene,amsterdam,38,414
55767,0,estonian,paris,31,132
55768,1,slovakian,vienna,22,411
55769,0,swedish,sofia,0,460
55770,0,czech,sofia,19,82
55771,0,danish,madrid,0,94
55772,1,german,madrid,20,185
55773,0,cypriot,vilnius,25,70
55774,0,lithuanian,vienna,29,302
55775,0,dutch,copenhagen,26,110
55776,0,bulgarian,vilnius,16,34
55777,1,cypriot,vienna,4,69
55778,1,irish,amsterdam,33,235
55779,0,german,madrid,21,184
55780,1,austrian,rome,1,9
55781,1,bulgarian,valletta,39,31
55782,1,croatian,sofia,13,47
55783,0,czech,amsterdam,30,72
55784,1,portuguese,valletta,19,373
55785,0,irish,madrid,33,238
55786,0,czech,vienna,19,86
55787,1,slovene,madrid,34,419
55788,0,hungarian,paris,41,222
55789,1,slovene,vilnius,21,431
55790,1,italian,madrid,7,257
55791,1,cypriot,rome,26,63
55792,1,german,vilnius,44,197
55793,1,romanian,rome,3,387
55794,0,polish,sofia,34,352
55795,1,romanian,valletta,13,391
55796,1,polish,paris,16,349
55797,0,polish,amsterdam,40,342
55798,1,austrian,vilnius,15,17
55799,0,latvian,sofia,8,280
55800,0,maltese,vienna,39,338
55801,0,croatian,vilnius,13,52
55802,0,slovene,sofia,43,424
55803,0,irish,amsterdam,12,234
55804,0,french,vienna,43,176
55805,1,portuguese,amsterdam,9,361
55806,1,lithuanian,rome,28,297
55807,1,danish,valletta,17,103
55808,1,czech,vienna,20,87
55809,1,spanish,valletta,19,445
55810,0,italian,copenhagen,6,254
55811,0,french,rome,2,170
55812,0,french,valletta,11,174
55813,0,irish,paris,4,240
55814,1,croatian,vilnius,32,53
55815,1,spanish,vienna,4,447
55816,1,croatian,valletta,5,49
55817,1,swedish,madrid,27,455
55818,1,romanian,sofia,13,389
55819,0,italian,rome,21,260
55820,1,maltese,sofia,37,335
55821,1,hungarian,vienna,24,231
55822,1,spanish,sofia,8,443
55823,1,hungarian,amsterdam,34,217
55824,1,lithuanian,copenhagen,24,291
55825,1,dutch,copenhagen,31,111
55826,0,latvian,paris,17,276
55827,0,portuguese,paris,36,366
55828,0,slovene,vienna,42,428
55829,0,swedish,amsterdam,38,450
55830,0,lithuanian,vilnius,19,304
55831,0,irish,vilnius,8,250
55832,1,finnish,madrid,26,149
55833,1,portuguese,vilnius,35,377
55834,0,spanish,rome,32,440
55835,0,hungarian,madrid,0,220
55836,0,german,rome,7,188
55837,0,slovene,rome,17,422
55838,1,portuguese,copenhagen,35,363
55839,0,slovene,paris,13,420
55840,1,austrian,vienna,32,15
55841,1,danish,vienna,25,105
55842,0,maltese,valletta,26,336
55843,0,maltese,vilnius,11,340
55844,1,cypriot,paris,25,61
55845,1,czech,copenhagen,0,75
55847,1,greek,paris,37,205
55848,0,croatian,madrid,18,40
55849,0,portuguese,copenhagen,35,362
55850,1,greek,rome,11,207
55851,0,romanian,vienna,43,392
55852,0,luxembourgish,paris,33,312
55853,0,estonian,vilnius,37,142
55854,1,finnish,copenhagen,0,147
55855,1,austrian,sofia,37,11
55856,0,romanian,sofia,9,388
55857,1,slovene,valletta,10,427
55858,1,finnish,rome,11,153
55859,1,romanian,paris,33,385
55860,0,lithuanian,amsterdam,18,288
55861,0,danish,vienna,28,104
55862,0,dutch,sofia,29,118
55863,1,italian,rome,39,261
55864,0,finnish,amsterdam,3,144
55865,1,estonian,paris,43,133
55866,1,irish,copenhagen,11,237
55867,1,swedish,paris,23,457
55868,1,finnish,sofia,19,155
55869,0,hungarian,valletta,41,228
55870,0,maltese,copenhagen,15,326
55871,1,cypriot,valletta,35,67
55872,0,austrian,vilnius,23,16
55873,0,bulgarian,rome,24,26
55874,1,french,vienna,43,177
55875,0,bulgarian,amsterdam,40,18
55876,1,greek,amsterdam,38,199
55877,1,german,sofia,27,191
55878,0,austrian,paris,22,6
55879,0,slovakian,valletta,8,408
55880,1,maltese,vienna,13,339
55881,0,slovakian,amsterdam,19,396
55882,0,estonian,copenhagen,11,128
55883,1,maltese,amsterdam,40,325
55884,0,slovakian,vilnius,6,412
55885,0,luxembourgish,copenhagen,26,308
55886,1,bulgarian,rome,26,27
55887,1,italian,amsterdam,13,253
55888,0,german,sofia,32,190
55889,1,lithuanian,vilnius,28,305
55890,1,irish,vienna,23,249
55891,1,polish,valletta,8,355
55894,0,croatian,copenhagen,17,38
55899,0,dutch,vienna,10,122
55902,0,slovene,copenhagen,3,416
55907,1,hungarian,paris,35,223
55911,1,portuguese,vienna,25,375
55915,1,italian,vilnius,26,269
55919,1,slovakian,vilnius,44,413
55923,1,luxembourgish,vilnius,38,323
55927,0,dutch,vilnius,4,124
55932,0,luxembourgish,rome,36,314
55935,0,bulgarian,copenhagen,3,20
55938,1,dutch,sofia,25,119
55939,0,hungarian,amsterdam,3,216
55940,0,latvian,vilnius,15,286
55941,1,french,vilnius,9,179
55942,0,spanish,vienna,8,446
55943,0,croatian,vienna,15,50
55944,1,italian,vienna,27,267
55945,1,czech,vilnius,40,89
55946,0,swedish,valletta,30,462
55947,0,hungarian,vienna,9,230
55948,0,irish,valletta,37,246
55949,1,bulgarian,madrid,29,23
55950,0,danish,sofia,40,100
55951,0,luxembourgish,sofia,42,316
55952,1,greek,vilnius,10,215
55953,0,estonian,rome,38,134
55954,0,german,valletta,24,192
55955,1,lithuanian,amsterdam,32,289
55956,0,french,amsterdam,22,162
55957,0,maltese,rome,40,332
55958,0,latvian,copenhagen,12,272
55959,0,slovakian,vienna,35,410
55960,0,portuguese,amsterdam,21,360
55961,1,finnish,vilnius,24,161
55962,1,maltese,rome,39,333
55963,0,cypriot,copenhagen,0,56
55964,0,romanian,valletta,37,390
55965,0,italian,vilnius,39,268
55966,1,latvian,valletta,0,283
55967,1,cypriot,sofia,7,65
55968,0,italian,madrid,27,256
55969,0,luxembourgish,madrid,2,310
55970,1,swedish,sofia,13,461
55971,0,maltese,amsterdam,11,324
55972,0,lithuanian,madrid,39,292
55973,1,italian,paris,16,259
55974,0,maltese,paris,9,330
55975,1,czech,sofia,10,83
55976,0,spanish,madrid,28,436
55977,1,romanian,amsterdam,10,379
55978,1,czech,valletta,18,85
55979,1,luxembourgish,madrid,1,311
55980,1,maltese,copenhagen,14,327
55981,1,croatian,madrid,18,41
55982,1,italian,copenhagen,2,255
55983,0,austrian,amsterdam,6,0
55984,1,hungarian,rome,0,225
55985,1,italian,sofia,14,263
55986,1,dutch,vienna,14,123
55987,0,cypriot,vienna,20,68
55988,1,lithuanian,sofia,37,299
55989,0,austrian,vienna,27,14
55990,1,dutch,amsterdam,11,109
55991,1,estonian,madrid,44,131
55992,0,french,sofia,21,172
55993,0,latvian,valletta,34,282
55994,1,estonian,rome,11,135
55995,1,bulgarian,vienna,30,33
55996,1,portuguese,rome,28,369
55997,1,italian,valletta,42,265
55998,0,czech,vilnius,19,88
55999,1,hungarian,copenhagen,14,219
56000,0,bulgarian,valletta,1,30
56001,1,polish,copenhagen,5,345
56002,1,czech,amsterdam,8,73
56003,1,slovakian,sofia,24,407
56004,0,slovene,valletta,37,426
56005,1,latvian,sofia,11,281
56006,0,greek,amsterdam,27,198
56007,0,dutch,paris,19,114
56008,1,polish,rome,22,351
56009,0,french,paris,8,168
56010,1,spanish,copenhagen,32,435
56011,0,irish,rome,13,242
56012,1,german,valletta,19,193
56013,0,swedish,paris,32,456
56014,0,polish,vilnius,17,358
56015,1,dutch,rome,10,117
56016,1,luxembourgish,vienna,24,321
56017,0,croatian,paris,3,42
56018,1,danish,sofia,21,101
56019,1,slovene,amsterdam,17,415
56020,1,greek,madrid,10,203
56021,0,romanian,amsterdam,6,378
56022,1,maltese,vilnius,40,341
56023,0,czech,paris,31,78
56024,1,greek,vienna,25,213
56025,1,austrian,valletta,9,13
56026,0,austrian,valletta,15,12
56027,0,greek,valletta,5,210
56028,0,polish,paris,20,348
56029,1,slovene,rome,25,423
56030,0,maltese,madrid,40,328
56031,0,luxembourgish,valletta,25,318
56032,0,luxembourgish,vienna,23,320
56033,1,estonian,valletta,13,139
56034,0,swedish,rome,2,458
56035,1,slovene,sofia,24,425
56036,1,latvian,rome,34,279
56037,1,estonian,sofia,2,137
56038,1,greek,sofia,40,209
56039,1,latvian,amsterdam,32,271
56040,1,slovakian,copenhagen,44,399
56041,1,greek,copenhagen,10,201
56042,1,estonian,vilnius,41,143
56043,0,polish,vienna,31,356
56044,1,slovakian,madrid,15,401
56045,1,french,copenhagen,27,165
56046,0,dutch,rome,3,116
56047,0,greek,vilnius,18,214
56048,0,french,madrid,4,166
56049,0,finnish,vienna,35,158
56050,1,polish,vilnius,36,359
56051,0,danish,paris,30,96
56052,0,bulgarian,sofia,22,28
56053,1,finnish,valletta,36,157
56054,0,italian,paris,26,258
56055,0,spanish,valletta,32,444
56056,0,portuguese,madrid,41,364
56057,0,greek,copenhagen,43,200
56058,1,german,vienna,25,195
56059,1,slovene,vienna,41,429
56060,0,swedish,vienna,26,464
56061,0,romanian,vilnius,8,394
56062,1,dutch,madrid,19,113
56063,0,finnish,valletta,38,156
56064,0,austrian,copenhagen,42,2
56065,1,finnish,amsterdam,33,145
56066,1,cypriot,amsterdam,6,55
56067,1,slovakian,paris,17,403
56068,0,danish,rome,24,98
56069,0,polish,madrid,42,346
56070,1,danish,vilnius,7,107
56071,0,hungarian,sofia,22,226
56072,0,czech,valletta,19,84
56073,0,latvian,amsterdam,9,270
56074,1,dutch,paris,3,115
56075,1,swedish,rome,7,459
56076,1,luxembourgish,rome,25,315
56077,0,dutch,amsterdam,16,108
56078,1,latvian,copenhagen,21,273
56079,1,bulgarian,copenhagen,41,21
56080,1,maltese,valletta,18,337
56081,0,swedish,vilnius,28,466
56082,0,lithuanian,valletta,14,300
56083,1,polish,madrid,4,347
56084,0,croatian,amsterdam,15,36
56085,1,polish,sofia,30,353
56086,1,swedish,vienna,27,465
56087,1,latvian,vilnius,39,287
56088,1,hungarian,madrid,26,221
56089,1,estonian,amsterdam,12,127
56090,0,luxembourgish,vilnius,0,322
56091,0,greek,madrid,38,202
56092,1,slovakian,rome,13,405
56093,0,greek,paris,20,204
56094,1,romanian,vilnius,1,395
56095,1,lithuanian,madrid,17,293
56096,1,irish,sofia,9,245
56097,0,estonian,valletta,39,138
56098,1,french,valletta,40,175
56099,0,hungarian,vilnius,44,232
56100,1,croatian,rome,0,45
56101,0,spanish,copenhagen,2,434
56102,0,austrian,sofia,41,10
56103,0,danish,valletta,28,102
56104,0,french,copenhagen,35,164
56105,1,german,copenhagen,23,183
56106,1,dutch,valletta,43,121
56107,0,cypriot,amsterdam,7,54
56108,0,portuguese,sofia,38,370
56109,0,czech,copenhagen,15,74
56110,1,austrian,copenhagen,29,3
56111,1,spanish,madrid,10,437
56112,1,portuguese,madrid,25,365
56113,1,danish,copenhagen,40,93
56114,1,german,paris,28,187
56115,1,spanish,vilnius,11,449
56116,1,hungarian,vilnius,39,233
56117,1,maltese,madrid,14,329
56118,1,dutch,vilnius,43,125
56119,0,bulgarian,vienna,23,32
56120,0,finnish,copenhagen,26,146
56121,1,slovakian,amsterdam,43,397
56122,1,austrian,madrid,12,5
56123,0,spanish,sofia,26,442
56124,1,portuguese,paris,42,367
56125,0,slovakian,rome,43,404
56126,1,hungarian,valletta,3,229
56127,1,swedish,amsterdam,20,451
56128,1,irish,paris,38,241
56129,0,croatian,sofia,6,46
56130,0,danish,vilnius,36,106
56131,1,finnish,vienna,28,159
56132,0,hungarian,rome,30,224
56133,1,cypriot,vilnius,21,71
56134,0,slovakian,sofia,9,406
56135,1,french,rome,1,171
56136,0,austrian,rome,3,8
56137,0,danish,copenhagen,9,92
56138,1,croatian,paris,17,43
56139,1,latvian,madrid,35,275
56570,1,maltese,madrid,3,329
56571,0,austrian,madrid,6,4
56572,0,czech,sofia,4,82
56573,1,estonian,rome,5,135
56574,0,spanish,sofia,5,442
56575,0,bulgarian,paris,3,24
56576,1,portuguese,paris,8,367
56577,0,irish,rome,4,242
56578,0,luxembourgish,paris,5,312
56579,1,czech,rome,1,81
56580,0,swedish,valletta,8,462
56581,0,portuguese,vienna,8,374
56582,0,portuguese,madrid,8,364
56583,0,dutch,valletta,3,120
56584,1,irish,vienna,8,249
56585,1,czech,valletta,1,85
56586,0,polish,copenhagen,5,344
56587,0,cypriot,vienna,3,68
56588,1,italian,valletta,8,265
56589,0,croatian,amsterdam,3,36
56590,0,austrian,sofia,6,10
56591,0,portuguese,vilnius,3,376
56592,1,polish,rome,8,351
56593,0,irish,paris,5,240
56594,0,maltese,amsterdam,8,324
56595,0,spanish,rome,1,440
56596,0,irish,copenhagen,8,236
56597,1,portuguese,madrid,6,365
56598,0,romanian,sofia,2,388
56599,0,slovakian,copenhagen,6,398
56600,1,greek,madrid,8,203
56601,0,italian,valletta,7,264
56602,1,maltese,copenhagen,4,327
56603,1,slovene,madrid,4,419
56604,1,french,madrid,5,167
56605,1,swedish,copenhagen,3,453
56606,0,slovakian,rome,5,404
56607,1,maltese,sofia,7,335
56608,1,estonian,paris,0,133
56609,0,danish,paris,7,96
56610,0,bulgarian,sofia,2,28
56611,1,slovakian,valletta,4,409
56612,0,lithuanian,copenhagen,7,290
56613,1,greek,amsterdam,8,199
56614,1,swedish,amsterdam,2,451
56615,0,danish,valletta,6,102
56616,1,hungarian,vienna,6,231
56617,0,danish,madrid,8,94
56618,1,austrian,copenhagen,4,3
56619,0,polish,vienna,6,356
56620,0,finnish,copenhagen,1,146
56621,1,polish,sofia,0,353
56622,0,austrian,paris,2,6
56623,1,slovene,rome,6,423
56624,0,romanian,amsterdam,6,378
56625,0,german,madrid,8,184
56626,0,french,rome,5,170
56627,1,lithuanian,vilnius,0,305
56628,1,romanian,rome,2,387
56629,1,finnish,copenhagen,1,147
56630,0,romanian,copenhagen,3,380
56631,0,estonian,madrid,4,130
56632,1,latvian,paris,0,277
56633,0,bulgarian,rome,3,26
56634,1,austrian,paris,3,7
56635,0,dutch,vienna,6,122
56636,1,romanian,vilnius,7,395
56637,0,bulgarian,valletta,3,30
56638,1,latvian,vilnius,8,287
56639,1,romanian,sofia,1,389
56640,1,danish,valletta,1,103
56641,1,maltese,vilnius,1,341
56642,1,romanian,vienna,4,393
56643,1,greek,paris,5,205
56644,0,czech,rome,5,80
56645,1,swedish,madrid,0,455
56646,1,swedish,rome,1,459
56647,0,swedish,paris,3,456
56648,0,czech,amsterdam,6,72
56649,1,croatian,amsterdam,7,37
56650,0,finnish,madrid,8,148
56651,1,hungarian,sofia,6,227
56652,0,czech,paris,8,78
56653,0,finnish,valletta,1,156
56654,0,estonian,copenhagen,5,128
56655,0,estonian,sofia,8,136
56656,0,portuguese,sofia,6,370
56657,0,slovene,vilnius,7,430
56658,0,greek,copenhagen,4,200
56659,1,dutch,vilnius,5,125
56660,1,croatian,copenhagen,2,39
56661,0,slovene,copenhagen,7,416
56662,1,greek,rome,1,207
56663,1,irish,valletta,8,247
56664,0,czech,vienna,5,86
56665,1,czech,vilnius,5,89
56666,1,french,copenhagen,5,165
56667,1,romanian,madrid,0,383
56668,1,german,amsterdam,7,181
56669,0,latvian,amsterdam,3,270
56670,0,dutch,copenhagen,3,110
56671,1,italian,sofia,1,263
56672,0,danish,sofia,0,100
56673,0,cypriot,valletta,7,66
56674,1,bulgarian,madrid,7,23
56675,1,slovakian,sofia,4,407
56676,0,irish,valletta,7,246
56677,1,latvian,valletta,4,283
56678,0,slovakian,sofia,2,406
56679,1,german,vilnius,7,197
56680,0,greek,madrid,2,202
56681,1,greek,valletta,3,211
56682,0,spanish,amsterdam,7,432
56683,1,dutch,paris,0,115
56684,1,dutch,sofia,2,119
56685,1,luxembourgish,valletta,5,319
56686,1,irish,amsterdam,5,235
56687,1,austrian,rome,8,9
56688,0,irish,amsterdam,0,234
56689,0,german,vienna,1,194
56690,1,hungarian,amsterdam,0,217
56691,0,portuguese,paris,7,366
56692,0,hungarian,vienna,6,230
56693,0,irish,sofia,2,244
56694,1,slovakian,amsterdam,4,397
56695,0,hungarian,vilnius,5,232
56696,1,luxembourgish,paris,1,313
56697,0,german,amsterdam,2,180
56698,0,maltese,paris,6,330
56699,1,portuguese,copenhagen,2,363
56700,1,irish,paris,7,241
56701,1,hungarian,copenhagen,7,219
56702,1,spanish,amsterdam,7,433
56703,0,lithuanian,amsterdam,6,288
56704,1,croatian,vienna,6,51
56705,0,portuguese,valletta,5,372
56706,1,lithuanian,paris,0,295
56707,1,swedish,valletta,0,463
56708,1,german,rome,5,189
56709,1,czech,amsterdam,0,73
56710,0,slovene,sofia,7,424
56711,1,swedish,paris,3,457
56712,0,swedish,copenhagen,5,452
56713,0,french,sofia,8,172
56714,1,irish,copenhagen,1,237
56715,1,spanish,paris,2,439
56716,0,slovakian,paris,3,402
56717,1,polish,paris,4,349
56718,0,french,valletta,8,174
56719,1,hungarian,paris,0,223
56720,0,luxembourgish,valletta,1,318
56721,0,italian,copenhagen,7,254
56722,0,hungarian,rome,7,224
56723,1,cypriot,rome,6,63
56724,0,greek,amsterdam,6,198
56725,0,french,madrid,3,166
56726,1,german,sofia,3,191
56727,0,bulgarian,copenhagen,1,20
56728,0,latvian,paris,3,276
56729,1,danish,vienna,0,105
56730,0,dutch,amsterdam,5,108
56731,0,bulgarian,amsterdam,6,18
56732,0,estonian,paris,7,132
56733,1,slovene,valletta,5,427
56734,1,bulgarian,sofia,7,29
56735,0,polish,amsterdam,3,342
56736,1,portuguese,vienna,7,375
56737,1,bulgarian,amsterdam,6,19
56738,1,slovakian,vilnius,1,413
56739,0,maltese,vienna,3,338
56740,0,polish,vilnius,5,358
56741,0,swedish,amsterdam,6,450
56742,1,polish,copenhagen,0,345
56743,1,spanish,sofia,7,443
56744,1,finnish,vilnius,2,161
56745,0,maltese,vilnius,8,340
56746,0,maltese,copenhagen,8,326
56747,0,latvian,vilnius,3,286
56748,0,hungarian,madrid,8,220
56749,0,romanian,paris,0,384
56750,0,austrian,vilnius,2,16
56751,0,croatian,valletta,6,48
56752,1,danish,amsterdam,4,91
56753,1,greek,sofia,6,209
56754,1,luxembourgish,vienna,8,321
56755,1,croatian,vilnius,7,53
56756,0,maltese,sofia,7,334
56757,0,slovene,valletta,6,426
56758,1,italian,copenhagen,4,255
56759,0,austrian,valletta,8,12
56760,1,maltese,rome,2,333
56761,0,lithuanian,vilnius,1,304
56762,1,portuguese,valletta,2,373
56763,1,lithuanian,copenhagen,4,291
56764,1,austrian,vienna,4,15
56765,0,spanish,madrid,4,436
56766,1,slovene,copenhagen,5,417
56767,1,spanish,madrid,6,437
56768,1,spanish,rome,4,441
56769,1,luxembourgish,rome,4,315
56770,1,dutch,valletta,1,121
56771,0,finnish,vilnius,8,160
56772,1,lithuanian,valletta,5,301
56773,0,lithuanian,paris,3,294
56774,0,polish,paris,2,348
56775,0,luxembourgish,copenhagen,3,308
56776,0,dutch,madrid,3,112
56777,0,croatian,paris,7,42
56778,1,maltese,valletta,1,337
56779,0,slovakian,madrid,1,400
56780,1,lithuanian,amsterdam,2,289
56781,1,latvian,madrid,1,275
56782,0,german,copenhagen,1,182
56783,0,latvian,rome,2,278
56784,0,swedish,rome,2,458
56785,1,french,valletta,4,175
56786,0,czech,valletta,4,84
56787,1,bulgarian,vienna,2,33
56788,0,latvian,copenhagen,1,272
56789,0,hungarian,paris,6,222
56790,0,danish,copenhagen,1,92
56791,0,hungarian,amsterdam,8,216
56792,0,spanish,vienna,2,446
56793,1,polish,amsterdam,2,343
56794,1,irish,madrid,8,239
56795,0,austrian,vienna,4,14
56796,1,czech,sofia,2,83
56797,1,latvian,amsterdam,4,271
56798,1,czech,copenhagen,7,75
56799,1,portuguese,vilnius,6,377
56800,0,maltese,rome,8,332
56801,0,german,vilnius,7,196
56802,0,estonian,vilnius,3,142
56803,1,german,paris,5,187
56804,0,luxembourgish,rome,0,314
56805,0,czech,vilnius,1,88
56806,1,greek,vienna,4,213
56807,0,portuguese,amsterdam,2,360
56808,0,italian,rome,6,260
56809,1,finnish,amsterdam,0,145
56810,1,estonian,sofia,7,137
56811,1,finnish,sofia,0,155
56812,0,croatian,vilnius,8,52
56813,1,austrian,vilnius,6,17
56814,1,maltese,vienna,6,339
56815,0,luxembourgish,madrid,0,310
56816,1,finnish,madrid,8,149
56817,1,czech,madrid,2,77
56818,0,latvian,valletta,2,282
56819,0,italian,madrid,5,256
56820,1,luxembourgish,madrid,8,311
56821,1,romanian,valletta,6,391
56822,1,danish,rome,5,99
56823,1,bulgarian,paris,6,25
56824,0,croatian,copenhagen,8,38
56825,1,austrian,madrid,0,5
56826,1,lithuanian,madrid,3,293
56827,0,estonian,amsterdam,8,126
56828,1,slovakian,madrid,7,401
56829,1,maltese,paris,0,331
56830,1,danish,madrid,8,95
56831,0,luxembourgish,sofia,6,316
56832,0,hungarian,valletta,3,228
56833,0,slovene,rome,5,422
56834,1,irish,vilnius,3,251
56835,0,croatian,sofia,1,46
56836,1,greek,vilnius,4,215
56837,0,luxembourgish,vienna,1,320
56838,0,slovakian,vilnius,0,412
56839,1,romanian,copenhagen,5,381
56840,0,hungarian,copenhagen,5,218
56841,1,italian,vienna,5,267
56842,1,croatian,valletta,4,49
56843,0,maltese,valletta,4,336
56844,0,italian,vienna,1,266
56845,1,luxembourgish,amsterdam,3,307
56846,1,polish,vienna,8,357
56847,0,danish,rome,4,98
56848,0,cypriot,vilnius,1,70
56849,0,latvian,vienna,3,284
56850,1,italian,vilnius,4,269
56851,0,lithuanian,madrid,1,292
56852,1,latvian,copenhagen,5,273
56853,1,french,paris,8,169
56854,0,portuguese,copenhagen,1,362
56855,0,romanian,vienna,3,392
56856,0,lithuanian,valletta,1,300
56857,1,finnish,rome,7,153
56858,0,lithuanian,vienna,2,302
56859,0,czech,copenhagen,6,74
56860,0,greek,rome,1,206
56861,0,italian,vilnius,1,268
56862,1,portuguese,rome,6,369
56863,0,cypriot,copenhagen,1,56
56864,0,slovene,paris,4,420
56865,0,spanish,vilnius,5,448
56866,1,swedish,sofia,6,461
56867,1,estonian,valletta,6,139
56868,0,croatian,rome,4,44
56869,0,spanish,paris,2,438
56870,0,croatian,madrid,7,40
56871,1,greek,copenhagen,1,201
56872,0,irish,vilnius,1,250
56873,0,french,amsterdam,3,162
56874,1,swedish,vienna,1,465
56875,1,lithuanian,rome,7,297
56876,1,dutch,madrid,0,113
56877,1,croatian,paris,7,43
56878,1,german,madrid,3,185
56879,1,portuguese,sofia,0,371
56880,0,bulgarian,vienna,7,32
56881,1,estonian,vilnius,5,143
56882,0,spanish,valletta,5,444
56883,1,german,vienna,5,195
56884,0,cypriot,rome,8,62
56885,1,estonian,vienna,1,141
56886,0,lithuanian,sofia,8,298
56887,1,polish,madrid,3,347
56888,1,luxembourgish,copenhagen,0,309
56889,0,swedish,vienna,8,464
56890,1,spanish,vienna,8,447
56891,1,slovene,sofia,8,425
56892,1,french,rome,5,171
56893,0,estonian,valletta,1,138
56894,1,slovene,amsterdam,0,415
56895,1,slovakian,rome,7,405
56896,1,bulgarian,rome,5,27
56897,1,dutch,vienna,6,123
56898,1,slovene,vilnius,6,431
56899,0,danish,vilnius,2,106
56900,0,french,vienna,6,176
56901,1,danish,vilnius,4,107
56902,1,slovakian,vienna,3,411
56903,1,latvian,rome,4,279
56904,1,slovakian,paris,4,403
56905,0,romanian,valletta,0,390
56906,1,cypriot,valletta,7,67
56907,1,cypriot,copenhagen,5,57
56908,0,italian,paris,6,258
56909,0,austrian,rome,4,8
56910,1,polish,vilnius,6,359
56911,0,latvian,sofia,2,280
56912,0,danish,vienna,0,104
56913,1,romanian,paris,3,385
56914,1,irish,rome,5,243
56915,1,portuguese,amsterdam,6,361
56916,0,czech,madrid,3,76
56917,0,luxembourgish,amsterdam,1,306
56918,1,luxembourgish,vilnius,4,323
56919,0,finnish,paris,3,150
56920,1,spanish,vilnius,4,449
56921,0,slovakian,vienna,1,410
56922,1,latvian,vienna,7,285
56923,0,slovene,madrid,0,418
56924,1,danish,sofia,6,101
56925,1,croatian,madrid,8,41
56926,1,latvian,sofia,8,281
56927,1,danish,paris,5,97
56928,0,greek,vilnius,0,214
56929,1,finnish,vienna,7,159
56930,1,italian,amsterdam,6,253
56931,0,dutch,sofia,4,118
56932,0,greek,vienna,0,212
56933,1,finnish,valletta,6,157
56934,1,slovene,vienna,8,429
56935,1,estonian,copenhagen,6,129
56936,0,finnish,sofia,6,154
56937,0,portuguese,rome,6,368
56938,1,french,amsterdam,8,163
56939,0,slovene,amsterdam,6,414
56940,0,finnish,rome,8,152
56941,1,danish,copenhagen,7,93
56942,1,croatian,sofia,4,47
56943,1,italian,madrid,6,257
56944,1,romanian,amsterdam,6,379
56945,1,french,vienna,2,177
56946,1,hungarian,vilnius,1,233
56947,0,german,rome,0,188
56948,0,estonian,vienna,2,140
56949,0,swedish,vilnius,5,466
56950,1,spanish,valletta,4,445
56951,0,polish,rome,0,350
56952,1,croatian,rome,8,45
56953,0,latvian,madrid,2,274
56954,0,danish,amsterdam,1,90
56955,1,estonian,madrid,6,131
56956,1,lithuanian,sofia,7,299
56957,1,austrian,amsterdam,7,1
56958,1,dutch,rome,8,117
56959,0,romanian,vilnius,6,394
56960,0,luxembourgish,vilnius,4,322
56961,1,austrian,sofia,5,11
56962,1,swedish,vilnius,6,467
56963,1,polish,valletta,7,355
56964,1,cypriot,madrid,7,59
56965,0,hungarian,sofia,0,226
56966,0,polish,madrid,5,346
56967,0,irish,vienna,6,248
56968,0,french,paris,4,168
56969,0,greek,paris,0,204
56970,1,german,valletta,7,193
56971,1,bulgarian,valletta,1,31
56972,1,italian,paris,0,259
56973,1,cypriot,sofia,2,65
56974,1,hungarian,valletta,2,229
56975,0,estonian,rome,0,134
56976,1,spanish,copenhagen,0,435
56977,1,cypriot,amsterdam,6,55
56978,1,maltese,amsterdam,8,325
56979,0,cypriot,sofia,8,64
56980,0,greek,sofia,1,208
56981,1,finnish,paris,4,151
56982,1,lithuanian,vienna,3,303
56983,0,irish,madrid,5,238
56984,1,estonian,amsterdam,2,127
56985,0,dutch,paris,6,114
56986,0,polish,valletta,3,354
56987,1,czech,paris,6,79
56988,0,cypriot,amsterdam,0,54
56989,1,italian,rome,6,261
56990,0,slovakian,amsterdam,6,396
56991,0,romanian,madrid,8,382
56992,1,luxembourgish,sofia,1,317
56993,0,cypriot,paris,3,60
56994,1,austrian,valletta,3,13
56995,0,austrian,amsterdam,0,0
56996,0,finnish,amsterdam,3,144
56997,0,polish,sofia,8,352
56998,1,slovene,paris,7,421
56999,1,french,vilnius,5,179
57000,0,german,paris,6,186
57001,1,cypriot,vienna,8,69
57002,0,maltese,madrid,7,328
57003,0,bulgarian,vilnius,0,34
57004,0,finnish,vienna,8,158
57005,0,french,vilnius,1,178
57006,0,spanish,copenhagen,1,434
57007,1,czech,vienna,4,87
57008,0,dutch,rome,1,116
57009,0,bulgarian,madrid,7,22
57010,1,cypriot,vilnius,2,71
57011,1,dutch,amsterdam,1,109
57012,1,dutch,copenhagen,1,111
57013,0,italian,sofia,2,262
57014,0,lithuanian,rome,2,296
57015,0,croatian,vienna,4,50
57016,1,bulgarian,copenhagen,4,21
57017,1,slovakian,copenhagen,3,399
57018,1,french,sofia,4,173
57019,0,slovene,vienna,6,428
57020,1,hungarian,madrid,7,221
57021,0,swedish,madrid,2,454
57022,1,german,copenhagen,7,183
57023,0,slovakian,valletta,2,408
57024,0,romanian,rome,0,386
57025,0,cypriot,madrid,7,58
57026,0,austrian,copenhagen,6,2
57027,0,french,copenhagen,3,164
57028,1,irish,sofia,8,245
57029,0,german,valletta,6,192
57030,0,greek,valletta,1,210
57031,1,bulgarian,vilnius,6,35
57032,0,swedish,sofia,4,460
57033,0,german,sofia,7,190
57034,0,dutch,vilnius,0,124
57035,1,hungarian,rome,5,225
57036,1,cypriot,paris,0,61
57037,0,italian,amsterdam,5,252
57038,0,czech,sofia,23,82
57039,1,luxembourgish,rome,23,315
57040,0,luxembourgish,valletta,20,318
57041,1,slovene,paris,18,421
57042,1,finnish,madrid,15,149
57043,0,finnish,vilnius,22,160
57044,0,bulgarian,amsterdam,22,18
57045,0,spanish,sofia,18,442
57046,1,slovene,valletta,23,427
57047,0,cypriot,copenhagen,18,56
57048,1,portuguese,rome,14,369
57049,0,french,sofia,19,172
57050,0,luxembourgish,amsterdam,19,306
57051,0,dutch,madrid,15,112
57052,0,french,paris,13,168
57053,0,dutch,vilnius,19,124
57054,1,bulgarian,vilnius,20,35
57055,1,irish,sofia,15,245
57056,1,german,madrid,14,185
57057,0,dutch,copenhagen,20,110
57058,0,danish,valletta,13,102
57059,1,estonian,valletta,16,139
57060,0,danish,vilnius,15,106
57061,0,italian,madrid,16,256
57062,1,italian,paris,15,259
57063,1,maltese,sofia,20,335
57064,1,danish,copenhagen,16,93
57065,1,cypriot,madrid,17,59
57066,1,romanian,sofia,17,389
57067,0,polish,vilnius,23,358
57068,0,greek,vilnius,14,214
57069,1,cypriot,vilnius,23,71
57070,1,croatian,rome,19,45
57071,1,danish,rome,17,99
57072,1,slovakian,vilnius,21,413
57073,1,luxembourgish,sofia,20,317
57074,1,portuguese,sofia,13,371
57075,1,bulgarian,valletta,19,31
57076,1,czech,vilnius,19,89
57077,0,lithuanian,vilnius,23,304
57078,1,german,rome,16,189
57079,1,german,sofia,23,191
57080,0,irish,copenhagen,17,236
57081,0,irish,valletta,13,246
57082,1,portuguese,amsterdam,23,361
57083,1,bulgarian,amsterdam,16,19
57084,0,polish,rome,22,350
57085,0,croatian,amsterdam,21,36
57086,1,romanian,rome,17,387
57087,0,romanian,madrid,22,382
57088,1,spanish,rome,18,441
57089,1,danish,valletta,15,103
57090,1,swedish,vienna,22,465
57091,1,austrian,vilnius,16,17
57092,0,latvian,madrid,18,274
57093,0,latvian,rome,16,278
57094,0,romanian,vienna,13,392
57095,0,italian,valletta,20,264
57096,1,spanish,paris,21,439
57097,1,estonian,madrid,20,131
57098,0,spanish,paris,18,438
57099,0,greek,rome,16,206
57100,1,finnish,rome,16,153
57101,1,dutch,vilnius,14,125
57102,1,cypriot,rome,14,63
57103,0,cypriot,valletta,21,66
57104,0,romanian,copenhagen,19,380
57105,1,bulgarian,paris,21,25
57106,0,german,rome,15,188
57107,0,bulgarian,madrid,22,22
57108,1,cypriot,paris,20,61
57109,1,lithuanian,valletta,13,301
57110,0,finnish,copenhagen,15,146
57111,0,czech,valletta,15,84
57112,1,maltese,copenhagen,17,327
57113,1,latvian,copenhagen,23,273
57114,0,danish,amsterdam,23,90
57115,1,lithuanian,vilnius,18,305
57116,1,portuguese,copenhagen,15,363
57117,1,luxembourgish,madrid,19,311
57118,0,finnish,valletta,23,156
57119,1,hungarian,paris,18,223
57120,0,hungarian,sofia,23,226
57121,0,croatian,vilnius,18,52
57122,1,swedish,valletta,18,463
57123,1,french,rome,19,171
57124,1,lithuanian,copenhagen,13,291
57125,0,czech,vilnius,22,88
57126,0,slovene,valletta,20,426
57127,0,greek,amsterdam,13,198
57128,1,spanish,madrid,20,437
57129,1,italian,vienna,19,267
57130,0,slovene,madrid,13,418
57131,0,greek,vienna,23,212
57132,0,estonian,amsterdam,18,126
57133,0,slovene,vilnius,13,430
57134,1,polish,paris,13,349
57135,1,swedish,madrid,21,455
57136,0,slovene,paris,21,420
57137,1,italian,madrid,15,257
57138,1,lithuanian,paris,19,295
57139,1,french,vilnius,13,179
57140,1,danish,paris,20,97
57141,0,austrian,amsterdam,19,0
57142,0,spanish,valletta,17,444
57143,0,spanish,vilnius,17,448
57144,1,latvian,vilnius,15,287
57145,1,slovakian,copenhagen,22,399
57146,0,austrian,valletta,20,12
57147,1,irish,amsterdam,20,235
57148,1,croatian,sofia,20,47
57149,1,romanian,amsterdam,20,379
57150,1,spanish,sofia,19,443
57151,0,lithuanian,madrid,23,292
57152,1,bulgarian,madrid,13,23
57153,0,czech,rome,14,80
57154,0,romanian,valletta,18,390
57155,0,maltese,rome,18,332
57156,1,cypriot,copenhagen,15,57
57157,0,slovakian,amsterdam,18,396
57158,1,slovene,vienna,22,429
57159,0,spanish,copenhagen,23,434
57160,1,greek,amsterdam,14,199
57161,1,finnish,copenhagen,16,147
57162,0,greek,valletta,19,210
57163,0,dutch,paris,22,114
57164,0,bulgarian,copenhagen,20,20
57165,0,french,valletta,20,174
57166,1,croatian,amsterdam,19,37
57167,0,romanian,sofia,20,388
57168,1,french,paris,22,169
57169,1,slovakian,vienna,16,411
57170,0,portuguese,amsterdam,17,360
57171,1,czech,paris,22,79
57172,1,hungarian,sofia,18,227
57173,1,hungarian,madrid,17,221
57174,0,austrian,copenhagen,21,2
57175,1,greek,copenhagen,21,201
57176,0,swedish,sofia,18,460
57177,1,polish,sofia,13,353
57178,0,swedish,vilnius,23,466
57179,0,slovene,sofia,14,424
57180,0,danish,paris,17,96
57181,0,lithuanian,valletta,22,300
57182,1,greek,vienna,23,213
57183,1,portuguese,vienna,15,375
57184,0,polish,valletta,21,354
57185,1,irish,madrid,18,239
57186,0,slovakian,rome,16,404
57187,1,dutch,amsterdam,23,109
57188,0,irish,vilnius,20,250
57189,1,austrian,rome,17,9
57190,1,swedish,vilnius,13,467
57191,1,italian,rome,20,261
57192,1,finnish,vilnius,15,161
57193,0,hungarian,valletta,21,228
57194,1,french,copenhagen,23,165
57195,0,spanish,madrid,19,436
57196,0,bulgarian,sofia,18,28
57197,0,german,vienna,23,194
57198,0,dutch,sofia,13,118
57199,0,cypriot,vilnius,15,70
57200,1,dutch,paris,16,115
57201,0,danish,sofia,19,100
57202,1,lithuanian,sofia,14,299
57203,1,german,paris,15,187
57204,1,hungarian,vilnius,22,233
57205,0,bulgarian,paris,18,24
57206,0,swedish,valletta,14,462
57207,1,cypriot,vienna,21,69
57208,0,romanian,amsterdam,21,378
57209,1,danish,sofia,14,101
57210,1,greek,madrid,13,203
57211,0,german,vilnius,21,196
57212,1,croatian,valletta,19,49
57213,0,austrian,sofia,15,10
57214,1,greek,vilnius,23,215
57215,0,hungarian,copenhagen,17,218
57216,0,czech,copenhagen,14,74
57217,1,swedish,sofia,18,461
57218,0,croatian,rome,15,44
57219,0,irish,rome,19,242
57220,0,italian,copenhagen,23,254
57221,0,irish,paris,22,240
57222,0,latvian,sofia,20,280
57223,1,danish,madrid,21,95
57224,0,spanish,amsterdam,16,432
57225,1,slovakian,paris,13,403
57226,0,maltese,sofia,15,334
57227,1,swedish,paris,23,457
57228,0,maltese,vienna,18,338
57229,0,polish,vienna,16,356
57230,0,latvian,vienna,21,284
57231,1,romanian,paris,16,385
57232,0,swedish,amsterdam,13,450
57233,1,maltese,rome,13,333
57234,1,luxembourgish,paris,23,313
57235,1,swedish,copenhagen,21,453
57236,1,german,vilnius,18,197
57237,1,latvian,madrid,15,275
57238,0,austrian,vilnius,19,16
57239,0,cypriot,madrid,22,58
57240,0,hungarian,rome,17,224
57241,1,maltese,vilnius,14,341
57242,1,latvian,paris,13,277
57243,1,greek,sofia,16,209
57244,0,slovene,rome,16,422
57245,0,swedish,paris,13,456
57246,1,german,copenhagen,19,183
57247,0,portuguese,copenhagen,19,362
57248,0,estonian,vienna,16,140
57249,1,lithuanian,amsterdam,19,289
57250,1,austrian,amsterdam,21,1
57251,0,german,madrid,19,184
57252,1,finnish,sofia,15,155
57253,1,estonian,copenhagen,13,129
57254,0,portuguese,vienna,23,374
57255,0,finnish,paris,22,150
57256,0,portuguese,valletta,13,372
57257,1,bulgarian,rome,19,27
57258,0,finnish,sofia,16,154
57259,0,maltese,vilnius,18,340
57260,1,latvian,sofia,22,281
57261,0,latvian,vilnius,17,286
57262,1,swedish,rome,23,459
57263,0,german,copenhagen,14,182
57264,1,irish,vienna,20,249
57265,0,romanian,paris,15,384
57266,1,romanian,copenhagen,23,381
57267,0,austrian,vienna,21,14
57268,0,dutch,vienna,13,122
57269,0,maltese,madrid,16,328
57270,1,cypriot,valletta,17,67
57271,1,austrian,madrid,20,5
57272,1,irish,rome,18,243
57273,1,austrian,copenhagen,20,3
57274,0,bulgarian,rome,17,26
57275,1,greek,paris,19,205
57276,1,finnish,paris,13,151
57277,1,french,vienna,15,177
57278,1,italian,valletta,14,265
57279,0,estonian,madrid,18,130
57280,1,hungarian,rome,22,225
57281,1,dutch,rome,23,117
57282,0,greek,paris,15,204
57283,0,german,sofia,22,190
57284,0,lithuanian,rome,19,296
57285,0,polish,paris,23,348
57286,1,french,madrid,21,167
57287,1,czech,madrid,21,77
57288,0,slovene,amsterdam,21,414
57289,0,german,paris,15,186
57290,1,austrian,paris,16,7
57291,0,danish,madrid,22,94
57292,1,french,valletta,14,175
57293,1,czech,vienna,15,87
57294,1,swedish,amsterdam,21,451
57295,0,irish,vienna,13,248
57296,1,irish,valletta,20,247
57297,0,maltese,paris,17,330
57298,1,bulgarian,sofia,15,29
57299,0,bulgarian,vilnius,13,34
57300,0,latvian,copenhagen,22,272
57301,1,croatian,paris,22,43
57302,1,hungarian,copenhagen,20,219
57303,0,portuguese,rome,23,368
57304,0,irish,sofia,17,244
57305,1,hungarian,vienna,22,231
57306,0,estonian,valletta,21,138
57307,1,slovakian,madrid,15,401
57308,0,polish,madrid,17,346
57309,0,spanish,vienna,13,446
57310,1,czech,sofia,16,83
57311,0,croatian,vienna,23,50
57312,1,portuguese,madrid,15,365
57313,0,croatian,paris,16,42
57314,0,luxembourgish,paris,18,312
57315,0,french,copenhagen,20,164
57316,1,italian,copenhagen,14,255
57317,1,latvian,valletta,14,283
57318,0,swedish,rome,20,458
57319,0,cypriot,rome,23,62
57320,0,estonian,copenhagen,22,128
57321,1,czech,amsterdam,19,73
57322,1,danish,amsterdam,13,91
57323,1,estonian,amsterdam,16,127
57324,1,romanian,vienna,13,393
57325,0,hungarian,vilnius,16,232
57326,0,estonian,paris,23,132
57327,0,lithuanian,vienna,21,302
57328,1,slovakian,sofia,14,407
57329,1,luxembourgish,vilnius,14,323
57330,0,luxembourgish,copenhagen,18,308
57331,0,slovakian,copenhagen,19,398
57332,0,croatian,madrid,17,40
57333,0,french,amsterdam,19,162
57334,1,lithuanian,vienna,15,303
57335,0,czech,paris,13,78
57336,0,romanian,rome,22,386
57337,1,latvian,rome,21,279
57338,0,luxembourgish,vilnius,18,322
57339,1,irish,copenhagen,20,237
57340,1,romanian,madrid,20,383
57341,0,slovene,vienna,16,428
57342,0,portuguese,paris,23,366
57343,0,polish,amsterdam,18,342
57344,0,dutch,valletta,14,120
57345,0,finnish,vienna,15,158
57346,0,cypriot,vienna,13,68
57347,0,greek,madrid,17,202
57348,1,slovene,vilnius,17,431
57349,1,italian,vilnius,23,269
57350,0,german,valletta,15,192
57351,1,spanish,copenhagen,15,435
57352,0,luxembourgish,madrid,20,310
57353,1,slovene,madrid,14,419
57354,0,lithuanian,copenhagen,23,290
57355,1,luxembourgish,copenhagen,22,309
57356,1,maltese,valletta,16,337
57357,0,latvian,amsterdam,23,270
57358,0,estonian,vilnius,13,142
57359,1,spanish,vienna,20,447
57360,0,cypriot,sofia,14,64
57361,1,polish,vienna,16,357
57362,1,latvian,amsterdam,20,271
57363,1,spanish,vilnius,17,449
57364,0,italian,sofia,15,262
57365,1,portuguese,paris,22,367
57366,0,portuguese,sofia,22,370
57367,0,danish,vienna,14,104
57368,1,slovakian,rome,15,405
57369,1,luxembourgish,amsterdam,18,307
57370,1,dutch,vienna,17,123
57371,1,polish,valletta,23,355
57372,0,estonian,sofia,15,136
57373,0,slovakian,sofia,20,406
57374,1,lithuanian,rome,20,297
57375,1,czech,copenhagen,15,75
57376,0,greek,copenhagen,16,200
57377,0,swedish,vienna,13,464
57378,1,austrian,vienna,15,15
57379,1,polish,amsterdam,15,343
57380,0,latvian,valletta,14,282
57381,0,luxembourgish,sofia,22,316
57382,1,cypriot,amsterdam,19,55
57383,0,hungarian,madrid,13,220
57384,1,finnish,vienna,15,159
57385,0,danish,rome,23,98
57386,1,estonian,vilnius,17,143
57387,0,slovene,copenhagen,22,416
57388,0,austrian,madrid,22,4
57389,0,czech,vienna,22,86
57390,0,italian,paris,23,258
57391,0,maltese,copenhagen,18,326
57392,0,maltese,amsterdam,19,324
57393,0,austrian,rome,17,8
57394,1,dutch,madrid,13,113
57395,1,spanish,amsterdam,18,433
57396,0,dutch,rome,21,116
57397,0,finnish,amsterdam,21,144
57398,1,slovene,rome,16,423
57399,1,bulgarian,vienna,21,33
57400,0,italian,rome,14,260
57401,1,danish,vienna,21,105
57402,0,lithuanian,paris,23,294
57403,0,lithuanian,sofia,13,298
57404,0,bulgarian,valletta,16,30
57405,1,finnish,valletta,15,157
57406,0,cypriot,paris,13,60
57407,1,slovakian,valletta,23,409
57408,1,romanian,vilnius,16,395
57409,1,hungarian,amsterdam,16,217
57410,0,croatian,valletta,17,48
57411,1,danish,vilnius,23,107
57412,1,polish,vilnius,21,359
57413,0,danish,copenhagen,21,92
57414,1,austrian,valletta,20,13
57415,0,hungarian,paris,23,222
57416,0,italian,amsterdam,17,252
57417,1,luxembourgish,valletta,21,319
57418,0,swedish,madrid,13,454
57419,0,croatian,copenhagen,13,38
57420,0,slovakian,paris,21,402
57421,0,greek,sofia,22,208
57422,0,irish,amsterdam,13,234
57423,0,slovakian,valletta,20,408
57424,0,hungarian,amsterdam,15,216
57425,0,hungarian,vienna,13,230
57426,1,polish,madrid,23,347
57427,1,estonian,vienna,18,141
57428,1,greek,rome,15,207
57429,1,cypriot,sofia,22,65
57430,0,french,madrid,19,166
57431,0,polish,sofia,23,352
57432,0,czech,madrid,22,76
57433,0,cypriot,amsterdam,17,54
57434,1,croatian,vienna,20,51
57435,1,maltese,vienna,20,339
57436,0,slovakian,vilnius,20,412
57437,0,finnish,madrid,13,148
57438,1,bulgarian,copenhagen,20,21
57439,0,czech,amsterdam,23,72
57440,1,hungarian,valletta,23,229
57441,1,polish,copenhagen,23,345
57442,0,polish,copenhagen,16,344
57443,0,irish,madrid,16,238
57444,1,czech,rome,22,81
57445,0,german,amsterdam,19,180
57446,0,french,rome,16,170
57447,1,german,vienna,15,195
57448,0,portuguese,madrid,14,364
57449,1,finnish,amsterdam,14,145
57450,1,austrian,sofia,23,11
57451,0,dutch,amsterdam,19,108
57452,1,slovene,sofia,16,425
57453,1,irish,vilnius,13,251
57454,1,estonian,rome,16,135
57455,1,croatian,madrid,13,41
57456,1,luxembourgish,vienna,17,321
57457,1,dutch,valletta,21,121
57458,1,czech,valletta,22,85
57459,1,italian,sofia,15,263
57460,0,luxembourgish,rome,16,314
57461,1,maltese,paris,19,331
57462,1,estonian,sofia,19,137
57463,1,croatian,copenhagen,19,39
57464,0,portuguese,vilnius,18,376
57465,1,maltese,madrid,15,329
57466,0,luxembourgish,vienna,21,320
57467,1,portuguese,vilnius,22,377
57468,1,latvian,vienna,13,285
57469,0,finnish,rome,16,152
57470,1,dutch,copenhagen,20,111
57471,1,french,sofia,13,173
57472,1,dutch,sofia,18,119
57473,1,french,amsterdam,21,163
57474,0,slovakian,vienna,19,410
57475,1,slovakian,amsterdam,22,397
57476,0,croatian,sofia,22,46
57477,1,spanish,valletta,15,445
57478,0,austrian,paris,15,6
57479,0,french,vienna,14,176
57480,1,maltese,amsterdam,21,325
57481,0,swedish,copenhagen,22,452
57482,0,italian,vilnius,18,268
57483,1,portuguese,valletta,16,373
57484,0,french,vilnius,19,178
57485,1,lithuanian,madrid,20,293
57486,0,maltese,valletta,23,336
57487,0,italian,vienna,23,266
57488,1,german,valletta,21,193
57489,1,italian,amsterdam,23,253
57490,0,romanian,vilnius,22,394
57491,1,german,amsterdam,15,181
57492,0,slovakian,madrid,21,400
57493,1,estonian,paris,17,133
57494,1,irish,paris,22,241
57495,1,slovene,amsterdam,19,415
57496,1,polish,rome,20,351
57497,1,romanian,valletta,20,391
57498,0,bulgarian,vienna,20,32
57499,0,estonian,rome,20,134
57500,0,spanish,rome,19,440
57501,0,lithuanian,amsterdam,16,288
57502,0,latvian,paris,13,276
57503,1,greek,valletta,21,211
57504,1,slovene,copenhagen,14,417
57505,1,croatian,vilnius,17,53
57506,0,romanian,valletta,38,390
57507,1,french,madrid,38,167
57508,0,finnish,sofia,32,154
57509,0,slovene,valletta,35,426
57510,0,polish,paris,37,348
57511,1,romanian,sofia,38,389
57512,0,polish,copenhagen,38,344
57513,0,slovene,rome,35,422
57514,0,german,valletta,38,192
57515,1,portuguese,vilnius,39,377
57516,0,romanian,vienna,40,392
57517,0,romanian,rome,39,386
57518,0,cypriot,amsterdam,35,54
57519,0,czech,vienna,37,86
57520,1,slovakian,copenhagen,32,399
57521,0,lithuanian,vienna,32,302
57522,0,austrian,amsterdam,38,0
57523,1,irish,amsterdam,35,235
57524,1,danish,amsterdam,37,91
57525,1,slovakian,paris,24,403
57526,1,irish,rome,33,243
57527,1,french,copenhagen,33,165
57528,0,greek,copenhagen,24,200
57529,1,bulgarian,valletta,35,31
57530,0,greek,madrid,38,202
57531,1,cypriot,valletta,33,67
57532,1,czech,rome,37,81
57533,0,slovene,sofia,37,424
57534,1,croatian,vienna,33,51
57535,0,estonian,madrid,37,130
57536,0,danish,vienna,35,104
57537,1,slovakian,amsterdam,37,397
57538,1,french,vienna,33,177
57539,1,slovene,rome,32,423
57540,1,estonian,valletta,40,139
57541,0,slovakian,madrid,36,400
57542,0,lithuanian,rome,33,296
57543,1,romanian,paris,32,385
57544,0,maltese,rome,35,332
57545,0,austrian,valletta,38,12
57546,1,spanish,madrid,33,437
57547,1,polish,rome,32,351
57548,0,italian,amsterdam,38,252
57549,1,german,rome,40,189
57550,1,bulgarian,paris,38,25
57551,0,luxembourgish,copenhagen,38,308
57552,1,polish,madrid,24,347
57553,0,irish,madrid,24,238
57554,0,polish,madrid,40,346
57555,0,slovakian,valletta,37,408
57556,0,finnish,rome,32,152
57557,0,romanian,vilnius,37,394
57558,1,bulgarian,vienna,35,33
57559,0,portuguese,vilnius,40,376
57560,1,latvian,madrid,38,275
57561,1,bulgarian,vilnius,40,35
57562,0,spanish,rome,36,440
57563,0,danish,copenhagen,37,92
57564,0,dutch,copenhagen,39,110
57565,1,german,valletta,38,193
57566,0,danish,amsterdam,36,90
57567,1,greek,vilnius,39,215
57568,1,spanish,copenhagen,36,435
57569,1,cypriot,rome,37,63
57570,1,bulgarian,rome,35,27
57571,1,finnish,rome,37,153
57572,1,portuguese,valletta,35,373
57573,1,german,madrid,40,185
57574,1,finnish,valletta,39,157
57575,0,slovakian,copenhagen,24,398
57576,0,croatian,madrid,24,40
57577,0,swedish,vilnius,32,466
57578,0,czech,valletta,39,84
57579,0,irish,paris,36,240
57580,0,portuguese,rome,37,368
57581,1,maltese,vilnius,40,341
57582,1,irish,madrid,40,239
57583,0,croatian,valletta,33,48
57584,1,slovakian,sofia,32,407
57585,0,romanian,sofia,32,388
57586,1,lithuanian,vienna,38,303
57587,0,latvian,sofia,24,280
57588,0,croatian,vienna,32,50
57589,1,lithuanian,valletta,32,301
57590,1,swedish,vilnius,33,467
57591,1,luxembourgish,rome,39,315
57592,0,german,paris,38,186
57593,0,spanish,amsterdam,39,432
57594,0,slovakian,vilnius,38,412
57595,1,swedish,paris,35,457
57596,1,greek,paris,36,205
57597,1,hungarian,valletta,36,229
57598,1,swedish,madrid,32,455
57599,1,slovene,paris,40,421
57600,1,romanian,amsterdam,38,379
57601,1,irish,copenhagen,39,237
57602,1,italian,valletta,24,265
57603,0,french,sofia,32,172
57604,1,hungarian,sofia,40,227
57605,1,dutch,valletta,39,121
57606,1,greek,vienna,32,213
57607,0,luxembourgish,madrid,38,310
57608,1,swedish,rome,40,459
57609,1,danish,sofia,36,101
57610,0,portuguese,valletta,37,372
57611,1,dutch,vienna,35,123
57612,0,finnish,vilnius,36,160
57613,1,dutch,copenhagen,36,111
57614,0,luxembourgish,vienna,38,320
57615,0,slovakian,amsterdam,24,396
57616,0,spanish,madrid,24,436
57617,0,dutch,madrid,32,112
57618,1,finnish,vienna,24,159
57619,0,czech,copenhagen,32,74
57620,1,slovakian,rome,39,405
57621,1,croatian,copenhagen,35,39
57622,0,french,rome,38,170
57623,0,austrian,paris,32,6
57624,1,danish,valletta,40,103
57625,1,cypriot,copenhagen,37,57
57626,1,dutch,vilnius,37,125
57627,0,german,madrid,37,184
57628,0,irish,copenhagen,36,236
57629,1,estonian,madrid,37,131
57630,0,french,copenhagen,33,164
57631,1,austrian,paris,24,7
57632,0,portuguese,vienna,36,374
57633,1,latvian,vilnius,33,287
57634,1,bulgarian,copenhagen,32,21
57635,1,italian,madrid,32,257
57636,1,dutch,madrid,35,113
57637,0,polish,amsterdam,32,342
57638,0,hungarian,sofia,40,226
57639,0,luxembourgish,vilnius,33,322
57640,1,maltese,paris,35,331
57641,1,austrian,sofia,33,11
57642,1,czech,sofia,24,83
57643,0,estonian,copenhagen,36,128
57644,1,italian,vienna,36,267
57645,0,lithuanian,paris,40,294
57646,0,lithuanian,sofia,38,298
57647,0,croatian,paris,39,42
57648,1,latvian,paris,37,277
57649,1,latvian,sofia,40,281
57650,1,romanian,madrid,24,383
57651,0,estonian,paris,36,132
57652,1,spanish,paris,35,439
57653,0,czech,vilnius,40,88
57654,1,greek,madrid,35,203
57655,0,greek,rome,35,206
57656,0,spanish,paris,32,438
57657,1,slovakian,vilnius,39,413
57658,1,slovakian,valletta,24,409
57659,1,estonian,rome,24,135
57660,1,czech,vilnius,37,89
57661,0,maltese,paris,24,330
57662,0,polish,rome,37,350
57663,0,portuguese,paris,35,366
57664,1,french,sofia,36,173
57665,1,bulgarian,sofia,37,29
57666,1,spanish,vilnius,33,449
57667,0,greek,vilnius,33,214
57668,0,hungarian,paris,32,222
57669,1,cypriot,sofia,37,65
57670,0,cypriot,vilnius,40,70
57671,1,maltese,sofia,39,335
57672,1,bulgarian,amsterdam,39,19
57673,0,finnish,valletta,35,156
57674,1,slovakian,vienna,36,411
57675,0,swedish,vienna,39,464
57676,0,lithuanian,vilnius,33,304
57677,1,austrian,amsterdam,32,1
57678,0,finnish,vienna,36,158
57679,1,italian,sofia,32,263
57680,1,polish,paris,37,349
57681,0,polish,sofia,35,352
57682,0,lithuanian,valletta,38,300
57683,0,polish,vienna,33,356
57684,0,finnish,madrid,38,148
57685,1,german,paris,35,187
57686,0,danish,rome,35,98
57687,1,maltese,valletta,24,337
57688,1,czech,copenhagen,40,75
57689,0,croatian,copenhagen,39,38
57690,0,latvian,valletta,32,282
57691,1,italian,amsterdam,36,253
57692,0,romanian,madrid,32,382
57693,1,polish,sofia,33,353
57694,0,irish,vilnius,38,250
57695,1,spanish,rome,33,441
57696,0,bulgarian,madrid,38,22
57697,0,bulgarian,copenhagen,36,20
57698,1,slovene,sofia,40,425
57699,0,german,vienna,38,194
57700,0,slovakian,vienna,39,410
57701,0,romanian,copenhagen,35,380
57702,1,danish,copenhagen,37,93
57703,0,italian,rome,35,260
57704,0,hungarian,rome,35,224
57705,0,hungarian,vienna,33,230
57706,1,romanian,valletta,32,391
57707,1,czech,madrid,37,77
57708,0,slovakian,sofia,32,406
57709,0,italian,valletta,40,264
57710,0,french,amsterdam,24,162
57711,0,swedish,paris,35,456
57712,1,greek,copenhagen,40,201
57713,0,irish,valletta,38,246
57714,0,cypriot,vienna,36,68
57715,0,french,paris,36,168
57716,1,maltese,rome,36,333
57717,1,cypriot,vienna,40,69
57718,1,latvian,valletta,38,283
57719,0,lithuanian,madrid,32,292
57720,0,irish,amsterdam,33,234
57721,1,croatian,rome,38,45
57722,0,bulgarian,vilnius,40,34
57723,0,spanish,vienna,24,446
57724,0,latvian,amsterdam,40,270
57725,1,luxembourgish,madrid,32,311
57726,1,luxembourgish,amsterdam,32,307
57727,0,dutch,rome,24,116
57728,1,austrian,madrid,36,5
57729,0,cypriot,copenhagen,38,56
57730,1,italian,paris,39,259
57731,0,greek,amsterdam,38,198
57732,0,danish,sofia,35,100
57733,1,luxembourgish,vienna,37,321
57734,1,estonian,amsterdam,32,127
57735,0,croatian,sofia,36,46
57736,1,luxembourgish,sofia,33,317
57737,0,italian,copenhagen,32,254
57738,0,swedish,rome,39,458
57739,1,greek,valletta,32,211
57740,0,swedish,valletta,38,462
57741,0,german,copenhagen,39,182
57742,1,dutch,rome,38,117
57743,0,swedish,amsterdam,33,450
57744,1,romanian,copenhagen,35,381
57745,1,polish,copenhagen,24,345
57746,1,portuguese,sofia,40,371
57747,1,dutch,amsterdam,37,109
57748,0,spanish,sofia,35,442
57749,1,spanish,valletta,40,445
57750,0,dutch,vienna,40,122
57751,0,french,madrid,33,166
57752,0,lithuanian,copenhagen,39,290
57753,0,estonian,vilnius,37,142
57754,1,romanian,vilnius,35,395
57755,1,croatian,amsterdam,24,37
57756,1,swedish,vienna,40,465
57757,1,estonian,copenhagen,39,129
57758,0,spanish,vilnius,36,448
57759,1,austrian,valletta,33,13
57760,0,estonian,vienna,33,140
57761,1,swedish,copenhagen,38,453
57762,1,portuguese,rome,39,369
57763,1,dutch,sofia,33,119
57764,0,german,sofia,24,190
57765,1,danish,vienna,36,105
57766,0,finnish,paris,24,150
57767,1,slovene,amsterdam,35,415
57768,0,italian,vienna,32,266
57769,0,czech,paris,33,78
57770,1,irish,paris,32,241
57771,1,french,amsterdam,24,163
57772,1,greek,sofia,37,209
57773,0,irish,rome,33,242
57774,1,slovene,valletta,40,427
57775,1,austrian,vienna,24,15
57776,1,slovene,madrid,32,419
57777,1,hungarian,copenhagen,33,219
57778,0,slovakian,rome,38,404
57779,0,bulgarian,amsterdam,24,18
57780,1,cypriot,amsterdam,40,55
57781,0,german,rome,36,188
57782,0,hungarian,amsterdam,37,216
57783,1,maltese,copenhagen,36,327
57784,1,irish,vilnius,38,251
57785,0,luxembourgish,valletta,24,318
57786,0,austrian,rome,32,8
57787,1,polish,valletta,33,355
57788,1,lithuanian,paris,32,295
57789,0,irish,sofia,33,244
57790,1,hungarian,vilnius,33,233
57791,1,hungarian,paris,37,223
57792,1,slovene,copenhagen,35,417
57793,0,czech,madrid,32,76
57794,1,polish,vienna,37,357
57795,1,austrian,rome,35,9
57796,1,irish,valletta,24,247
57797,0,croatian,amsterdam,37,36
57798,0,dutch,paris,36,114
57799,0,bulgarian,rome,32,26
57800,1,portuguese,amsterdam,36,361
57801,1,finnish,paris,24,151
57802,1,estonian,sofia,40,137
57803,1,swedish,valletta,39,463
57804,1,french,valletta,35,175
57805,0,czech,rome,32,80
57806,0,luxembourgish,rome,39,314
57807,1,danish,madrid,40,95
57808,1,danish,vilnius,40,107
57809,1,bulgarian,madrid,37,23
57810,0,finnish,copenhagen,33,146
57811,1,luxembourgish,copenhagen,40,309
57812,0,latvian,copenhagen,24,272
57813,1,hungarian,rome,24,225
57814,1,maltese,madrid,24,329
57815,0,italian,sofia,37,262
57816,1,czech,amsterdam,35,73
57817,0,spanish,copenhagen,37,434
57818,1,croatian,sofia,38,47
57819,0,austrian,copenhagen,38,2
57820,1,polish,vilnius,39,359
57821,1,danish,rome,35,99
57822,0,cypriot,rome,40,62
57823,1,czech,paris,32,79
57824,1,greek,amsterdam,38,199
57825,0,luxembourgish,paris,35,312
57826,0,portuguese,amsterdam,36,360
57827,1,latvian,rome,35,279
57828,0,german,vilnius,36,196
57829,1,latvian,copenhagen,32,273
57830,0,danish,vilnius,37,106
57831,1,dutch,paris,38,115
57832,0,austrian,vienna,39,14
57833,0,dutch,amsterdam,40,108
57834,0,dutch,vilnius,37,124
57835,1,french,vilnius,35,179
57836,1,cypriot,vilnius,32,71
57837,0,greek,paris,33,204
57838,0,italian,paris,33,258
57839,1,finnish,copenhagen,35,147
57840,1,swedish,sofia,32,461
57841,0,spanish,valletta,33,444
57842,0,latvian,madrid,37,274
57843,0,bulgarian,sofia,33,28
57844,1,lithuanian,madrid,40,293
57845,0,portuguese,sofia,33,370
57846,1,italian,copenhagen,39,255
57847,0,croatian,rome,35,44
57848,0,slovene,paris,32,420
57849,0,dutch,valletta,24,120
57850,0,polish,valletta,38,354
57851,1,cypriot,paris,38,61
57852,1,french,rome,32,171
57853,1,slovene,vilnius,35,431
57854,0,estonian,valletta,39,138
57855,1,irish,vienna,37,249
57856,0,hungarian,copenhagen,35,218
57857,0,danish,madrid,39,94
57858,0,portuguese,copenhagen,36,362
57859,0,maltese,copenhagen,38,326
57860,1,luxembourgish,valletta,39,319
57861,1,finnish,vilnius,40,161
57862,1,german,vienna,32,195
57863,0,austrian,vilnius,24,16
57864,1,irish,sofia,33,245
57865,0,czech,amsterdam,40,72
57866,0,dutch,sofia,35,118
57867,1,estonian,vienna,39,141
57868,1,lithuanian,vilnius,40,305
57869,0,italian,madrid,36,256
57870,1,hungarian,madrid,39,221
57871,0,cypriot,paris,37,60
57872,1,croatian,madrid,33,41
57873,1,french,paris,32,169
57874,0,estonian,sofia,33,136
57875,0,french,vienna,24,176
57876,0,estonian,amsterdam,32,126
57877,1,austrian,vilnius,32,17
57878,0,latvian,vilnius,35,286
57879,1,maltese,vienna,39,339
57880,0,maltese,vienna,32,338
57881,1,romanian,vienna,36,393
57882,0,slovakian,paris,40,402
57883,0,latvian,paris,24,276
57884,1,luxembourgish,paris,35,313
57885,1,german,vilnius,33,197
57886,1,hungarian,vienna,38,231
57887,1,latvian,vienna,36,285
57888,1,german,amsterdam,33,181
57889,1,italian,rome,35,261
57890,0,finnish,amsterdam,35,144
57891,0,maltese,vilnius,39,340
57892,0,maltese,madrid,24,328
57893,1,spanish,sofia,37,443
57894,0,italian,vilnius,33,268
57895,0,french,vilnius,24,178
57896,0,slovene,copenhagen,32,416
57897,1,latvian,amsterdam,40,271
57898,1,portuguese,copenhagen,36,363
57899,1,slovakian,madrid,38,401
57900,0,slovene,amsterdam,24,414
57901,0,lithuanian,amsterdam,37,288
57902,0,german,amsterdam,35,180
57903,0,hungarian,vilnius,36,232
57904,1,finnish,amsterdam,38,145
57905,1,finnish,sofia,35,155
57906,0,maltese,valletta,38,336
57907,0,polish,vilnius,40,358
57908,0,latvian,rome,38,278
57909,0,bulgarian,valletta,39,30
57910,0,cypriot,madrid,33,58
57911,1,croatian,valletta,40,49
57912,0,austrian,madrid,32,4
57913,0,french,valletta,40,174
57914,0,slovene,vienna,33,428
57915,1,czech,vienna,36,87
57916,1,lithuanian,copenhagen,37,291
57917,0,latvian,vienna,33,284
57918,1,estonian,vilnius,36,143
57919,1,lithuanian,amsterdam,37,289
57920,0,romanian,amsterdam,35,378
57921,1,cypriot,madrid,39,59
57922,1,portuguese,madrid,37,365
57923,0,swedish,sofia,35,460
57924,1,italian,vilnius,38,269
57925,0,danish,valletta,33,102
57926,1,austrian,copenhagen,32,3
57927,0,hungarian,madrid,38,220
57928,0,austrian,sofia,32,10
57929,1,hungarian,amsterdam,37,217
57930,1,slovene,vienna,36,429
57931,1,portuguese,paris,37,367
57932,1,croatian,paris,33,43
57933,0,maltese,sofia,38,334
57934,1,finnish,madrid,39,149
57935,0,maltese,amsterdam,33,324
57936,0,bulgarian,vienna,32,32
57937,1,german,sofia,40,191
57938,1,romanian,rome,39,387
57939,0,croatian,vilnius,36,52
57940,1,portuguese,vienna,39,375
57941,1,estonian,paris,40,133
57942,1,lithuanian,sofia,33,299
57943,1,german,copenhagen,38,183
57944,0,slovene,madrid,40,418
57945,0,romanian,paris,33,384
57946,0,slovene,vilnius,24,430
57947,0,cypriot,valletta,40,66
57948,1,croatian,vilnius,37,53
57949,0,luxembourgish,sofia,33,316
57950,0,portuguese,madrid,24,364
57951,0,swedish,madrid,40,454
57952,0,luxembourgish,amsterdam,39,306
57953,1,danish,paris,40,97
57954,0,greek,vienna,24,212
57955,0,irish,vienna,39,248
57956,0,greek,sofia,24,208
57957,1,swedish,amsterdam,39,451
57958,0,danish,paris,24,96
57959,1,maltese,amsterdam,24,325
57960,0,swedish,copenhagen,35,452
57961,0,hungarian,valletta,36,228
57962,1,luxembourgish,vilnius,33,323
57963,0,czech,sofia,32,82
57964,0,bulgarian,paris,39,24
57965,1,spanish,amsterdam,32,433
57966,1,czech,valletta,35,85
57967,0,cypriot,sofia,35,64
57968,0,estonian,rome,38,134
57969,1,spanish,vienna,33,447
57970,1,lithuanian,rome,39,297
57971,1,polish,amsterdam,40,343
57972,1,greek,rome,35,207
57973,0,greek,valletta,39,210
