hotel_id,price,stock,city,date,language,mobile,avatar_id,request_number
105,144,102,amsterdam,39,austrian,1,6056,1.0
880,113,81,amsterdam,39,austrian,1,6056,1.0
588,172,108,amsterdam,39,austrian,1,6056,1.0
352,105,84,amsterdam,39,austrian,1,6056,1.0
925,103,83,amsterdam,39,austrian,1,6056,1.0
346,174,143,amsterdam,39,austrian,1,6056,1.0
570,101,82,amsterdam,39,austrian,1,6056,1.0
366,80,82,amsterdam,39,austrian,1,6056,1.0
567,75,40,amsterdam,39,austrian,1,6056,1.0
230,106,79,amsterdam,39,austrian,1,6056,1.0
450,173,151,amsterdam,39,austrian,1,6056,1.0
223,146,100,amsterdam,39,austrian,1,6056,1.0
750,110,40,amsterdam,39,austrian,1,6056,1.0
969,80,45,amsterdam,39,austrian,1,6056,1.0
752,246,211,amsterdam,39,austrian,1,6056,1.0
557,116,82,amsterdam,39,austrian,1,6056,1.0
510,260,192,amsterdam,39,austrian,1,6056,1.0
971,147,102,amsterdam,39,austrian,1,6056,1.0
760,171,150,amsterdam,39,austrian,1,6056,1.0
628,159,102,amsterdam,39,austrian,1,6056,1.0
369,73,41,amsterdam,39,austrian,1,6056,1.0
783,87,40,amsterdam,39,austrian,1,6056,1.0
77,247,193,amsterdam,39,austrian,1,6056,1.0
387,241,207,amsterdam,39,austrian,1,6056,1.0
45,153,100,amsterdam,39,austrian,1,6056,1.0
311,108,45,amsterdam,39,austrian,1,6056,1.0
548,241,220,amsterdam,39,austrian,1,6056,1.0
779,181,148,amsterdam,39,austrian,1,6056,1.0
835,108,84,amsterdam,39,austrian,1,6056,1.0
307,104,78,amsterdam,39,austrian,1,6056,1.0
515,249,197,amsterdam,39,austrian,1,6056,1.0
253,248,192,amsterdam,39,austrian,1,6056,1.0
591,247,206,amsterdam,39,austrian,1,6056,1.0
585,78,42,amsterdam,39,austrian,1,6056,1.0
117,76,40,amsterdam,39,austrian,1,6056,1.0
967,77,104,amsterdam,39,austrian,1,6056,1.0
778,112,80,amsterdam,39,austrian,1,6056,1.0
442,170,147,amsterdam,39,austrian,1,6056,1.0
172,114,75,amsterdam,39,austrian,1,6056,1.0
809,236,205,amsterdam,39,austrian,1,6056,1.0
604,113,79,amsterdam,39,austrian,1,6056,1.0
211,153,102,amsterdam,39,austrian,1,6056,1.0
30,107,84,amsterdam,39,austrian,1,6056,1.0
660,143,94,amsterdam,39,austrian,1,6056,1.0
256,79,42,amsterdam,39,austrian,1,6056,1.0
460,88,41,amsterdam,39,austrian,1,6056,1.0
158,147,100,amsterdam,39,austrian,1,6056,1.0
918,248,200,amsterdam,39,austrian,1,6056,1.0
85,104,86,amsterdam,39,austrian,1,6056,1.0
317,169,146,amsterdam,39,austrian,1,6056,1.0
169,78,44,amsterdam,39,austrian,1,6056,1.0
264,75,40,amsterdam,39,austrian,1,6056,1.0
657,170,152,amsterdam,39,austrian,1,6056,1.0
630,151,108,amsterdam,39,austrian,1,6056,1.0
193,143,86,amsterdam,39,austrian,1,6056,1.0
86,110,150,amsterdam,39,austrian,1,6056,1.0
16,154,94,amsterdam,39,austrian,1,6056,1.0
743,143,98,amsterdam,39,austrian,1,6056,1.0
945,148,110,amsterdam,39,austrian,1,6056,1.0
587,160,100,amsterdam,39,austrian,1,6056,1.0
603,237,202,amsterdam,39,austrian,1,6056,1.0
594,245,220,amsterdam,39,austrian,1,6056,1.0
10,157,100,amsterdam,39,austrian,1,6056,1.0
455,146,98,amsterdam,39,austrian,1,6056,1.0
196,106,40,amsterdam,39,austrian,1,6056,1.0
234,144,102,amsterdam,39,austrian,1,6056,1.0
806,249,202,amsterdam,39,austrian,1,6056,1.0
465,237,213,amsterdam,39,austrian,1,6056,1.0
505,105,85,amsterdam,39,austrian,1,6056,1.0
777,148,106,amsterdam,39,austrian,1,6056,1.0
269,157,104,amsterdam,39,austrian,1,6056,1.0
762,150,97,amsterdam,39,austrian,1,6056,1.0
111,106,80,amsterdam,39,austrian,1,6056,1.0
933,156,102,amsterdam,39,austrian,1,6056,1.0
685,237,200,amsterdam,39,austrian,1,6056,1.0
326,248,199,amsterdam,39,austrian,1,6056,1.0
430,167,149,amsterdam,39,austrian,1,6056,1.0
627,102,79,amsterdam,39,austrian,1,6056,1.0
103,182,141,amsterdam,39,austrian,1,6056,1.0
303,175,151,amsterdam,39,austrian,1,6056,1.0
166,110,92,amsterdam,39,austrian,1,6056,1.0
417,147,108,amsterdam,39,austrian,1,6056,1.0
410,110,78,amsterdam,39,austrian,1,6056,1.0
680,153,42,amsterdam,39,austrian,1,6056,1.0
724,246,200,amsterdam,39,austrian,1,6056,1.0
902,174,145,amsterdam,39,austrian,1,6056,1.0
157,246,194,amsterdam,39,austrian,1,6056,1.0
163,176,142,amsterdam,39,austrian,1,6056,1.0
658,154,102,amsterdam,39,austrian,1,6056,1.0
218,177,132,amsterdam,39,austrian,1,6056,1.0
891,104,40,amsterdam,39,austrian,1,6056,1.0
212,180,139,amsterdam,39,austrian,1,6056,1.0
271,78,41,amsterdam,39,austrian,1,6056,1.0
429,230,213,amsterdam,39,austrian,1,6056,1.0
529,230,210,amsterdam,39,austrian,1,6056,1.0
807,247,194,amsterdam,39,austrian,1,6056,1.0
878,105,110,amsterdam,39,austrian,1,6056,1.0
52,150,98,amsterdam,39,austrian,1,6056,1.0
892,174,138,amsterdam,39,austrian,1,6056,1.0
706,109,78,amsterdam,39,austrian,1,6056,1.0
375,102,82,amsterdam,39,austrian,1,6056,1.0
22,150,92,amsterdam,39,austrian,1,6056,1.0
493,146,96,amsterdam,39,austrian,1,6056,1.0
581,154,41,amsterdam,39,austrian,1,6056,1.0
140,107,84,amsterdam,39,austrian,1,6056,1.0
101,242,198,amsterdam,39,austrian,1,6056,1.0
373,104,80,amsterdam,39,austrian,1,6056,1.0
224,144,101,amsterdam,39,austrian,1,6056,1.0
715,144,98,amsterdam,39,austrian,1,6056,1.0
9,83,103,amsterdam,39,austrian,1,6056,1.0
441,184,138,amsterdam,39,austrian,1,6056,1.0
88,114,79,amsterdam,39,austrian,1,6056,1.0
34,74,40,amsterdam,39,austrian,1,6056,1.0
745,109,41,amsterdam,39,austrian,1,6056,1.0
517,111,89,amsterdam,39,austrian,1,6056,1.0
12,75,41,amsterdam,39,austrian,1,6056,1.0
921,75,98,amsterdam,39,austrian,1,6056,1.0
821,109,82,amsterdam,39,austrian,1,6056,1.0
916,109,80,amsterdam,39,austrian,1,6056,1.0
917,259,201,amsterdam,39,austrian,1,6056,1.0
625,184,138,amsterdam,39,austrian,1,6056,1.0
475,102,84,amsterdam,39,austrian,1,6056,1.0
214,171,144,amsterdam,39,austrian,1,6056,1.0
82,110,81,amsterdam,39,austrian,1,6056,1.0
960,249,203,amsterdam,39,austrian,1,6056,1.0
676,72,41,amsterdam,39,austrian,1,6056,1.0
146,175,140,amsterdam,39,austrian,1,6056,1.0
431,130,0,copenhagen,9,austrian,1,6057,2.0
952,100,0,copenhagen,9,austrian,1,6057,2.0
994,205,9,copenhagen,9,austrian,1,6057,2.0
23,210,9,copenhagen,9,austrian,1,6057,2.0
349,274,8,copenhagen,9,austrian,1,6057,2.0
539,296,18,copenhagen,9,austrian,1,6057,2.0
251,175,1,copenhagen,9,austrian,1,6057,2.0
481,101,0,copenhagen,9,austrian,1,6057,2.0
300,154,6,copenhagen,9,austrian,1,6057,2.0
669,279,10,copenhagen,9,austrian,1,6057,2.0
951,93,6,copenhagen,9,austrian,1,6057,2.0
100,92,0,copenhagen,9,austrian,1,6057,2.0
532,363,6,copenhagen,9,austrian,1,6057,2.0
122,424,16,copenhagen,9,austrian,1,6057,2.0
90,212,9,copenhagen,9,austrian,1,6057,2.0
153,353,6,copenhagen,9,austrian,1,6057,2.0
332,283,9,copenhagen,9,austrian,1,6057,2.0
124,380,15,copenhagen,9,austrian,1,6057,2.0
655,459,9,copenhagen,9,austrian,1,6057,2.0
562,347,6,copenhagen,9,austrian,1,6057,2.0
194,126,0,copenhagen,9,austrian,1,6057,2.0
830,95,7,copenhagen,9,austrian,1,6057,2.0
528,372,9,copenhagen,9,austrian,1,6057,2.0
508,287,9,copenhagen,9,austrian,1,6057,2.0
53,100,0,copenhagen,9,austrian,1,6057,2.0
60,100,0,copenhagen,9,austrian,1,6057,2.0
401,208,8,copenhagen,9,austrian,1,6057,2.0
506,157,3,copenhagen,9,austrian,1,6057,2.0
518,206,4,copenhagen,9,austrian,1,6057,2.0
849,210,8,copenhagen,9,austrian,1,6057,2.0
50,158,7,copenhagen,9,austrian,1,6057,2.0
43,84,25,copenhagen,9,austrian,1,6057,2.0
922,363,6,copenhagen,9,austrian,1,6057,2.0
319,404,17,copenhagen,9,austrian,1,6057,2.0
983,97,2,copenhagen,9,austrian,1,6057,2.0
958,254,0,copenhagen,9,austrian,1,6057,2.0
770,356,6,copenhagen,9,austrian,1,6057,2.0
433,152,7,copenhagen,9,austrian,1,6057,2.0
826,208,18,copenhagen,9,austrian,1,6057,2.0
367,102,3,copenhagen,9,austrian,1,6057,2.0
865,294,21,copenhagen,9,austrian,1,6057,2.0
834,97,0,copenhagen,9,austrian,1,6057,2.0
531,193,10,copenhagen,9,austrian,1,6057,2.0
761,154,2,copenhagen,9,austrian,1,6057,2.0
622,204,6,copenhagen,9,austrian,1,6057,2.0
616,210,8,copenhagen,9,austrian,1,6057,2.0
113,90,4,copenhagen,9,austrian,1,6057,2.0
58,342,6,copenhagen,9,austrian,1,6057,2.0
726,345,17,copenhagen,9,austrian,1,6057,2.0
812,212,0,copenhagen,9,austrian,1,6057,2.0
766,496,9,copenhagen,9,austrian,1,6057,2.0
425,265,6,copenhagen,9,austrian,1,6057,2.0
434,121,0,copenhagen,9,austrian,1,6057,2.0
78,490,9,copenhagen,9,austrian,1,6057,2.0
546,114,6,copenhagen,9,austrian,1,6057,2.0
497,285,8,copenhagen,9,austrian,1,6057,2.0
519,265,8,copenhagen,9,austrian,1,6057,2.0
572,245,0,copenhagen,9,austrian,1,6057,2.0
695,214,8,copenhagen,9,austrian,1,6057,2.0
938,129,3,copenhagen,9,austrian,1,6057,2.0
402,136,0,copenhagen,9,austrian,1,6057,2.0
559,317,6,copenhagen,9,austrian,1,6057,2.0
793,178,0,copenhagen,9,austrian,1,6057,2.0
611,216,4,copenhagen,9,austrian,1,6057,2.0
405,103,0,copenhagen,9,austrian,1,6057,2.0
959,234,13,copenhagen,9,austrian,1,6057,2.0
523,110,6,copenhagen,9,austrian,1,6057,2.0
707,355,12,copenhagen,9,austrian,1,6057,2.0
291,272,11,copenhagen,9,austrian,1,6057,2.0
92,89,10,copenhagen,9,austrian,1,6057,2.0
711,149,8,copenhagen,9,austrian,1,6057,2.0
318,150,7,copenhagen,9,austrian,1,6057,2.0
990,178,2,copenhagen,9,austrian,1,6057,2.0
744,180,0,copenhagen,9,austrian,1,6057,2.0
691,95,0,copenhagen,9,austrian,1,6057,2.0
243,103,0,copenhagen,9,austrian,1,6057,2.0
91,136,0,copenhagen,9,austrian,1,6057,2.0
6,128,0,copenhagen,9,austrian,1,6057,2.0
556,186,0,copenhagen,9,austrian,1,6057,2.0
110,214,8,copenhagen,9,austrian,1,6057,2.0
973,181,0,copenhagen,9,austrian,1,6057,2.0
961,243,12,copenhagen,9,austrian,1,6057,2.0
329,254,9,copenhagen,9,austrian,1,6057,2.0
829,214,9,copenhagen,9,austrian,1,6057,2.0
624,353,6,copenhagen,9,austrian,1,6057,2.0
1,101,0,copenhagen,9,austrian,1,6057,2.0
289,149,0,copenhagen,9,austrian,1,6057,2.0
898,98,0,copenhagen,9,austrian,1,6057,2.0
869,499,8,copenhagen,9,austrian,1,6057,2.0
872,99,6,copenhagen,9,austrian,1,6057,2.0
32,186,0,copenhagen,9,austrian,1,6057,2.0
664,502,9,copenhagen,9,austrian,1,6057,2.0
547,214,9,copenhagen,9,austrian,1,6057,2.0
365,100,0,copenhagen,9,austrian,1,6057,2.0
900,249,2,copenhagen,9,austrian,1,6057,2.0
463,103,0,copenhagen,9,austrian,1,6057,2.0
350,452,15,copenhagen,9,austrian,1,6057,2.0
908,511,9,copenhagen,9,austrian,1,6057,2.0
720,496,9,copenhagen,9,austrian,1,6057,2.0
930,125,12,copenhagen,9,austrian,1,6057,2.0
445,94,0,copenhagen,9,austrian,1,6057,2.0
348,210,8,copenhagen,9,austrian,1,6057,2.0
690,228,15,copenhagen,9,austrian,1,6057,2.0
978,355,18,copenhagen,9,austrian,1,6057,2.0
267,184,0,copenhagen,9,austrian,1,6057,2.0
514,370,13,copenhagen,9,austrian,1,6057,2.0
596,180,0,copenhagen,9,austrian,1,6057,2.0
894,408,13,copenhagen,9,austrian,1,6057,2.0
981,117,2,copenhagen,9,austrian,1,6057,2.0
96,165,5,copenhagen,9,austrian,1,6057,2.0
142,414,17,copenhagen,9,austrian,1,6057,2.0
309,100,0,copenhagen,9,austrian,1,6057,2.0
202,210,9,copenhagen,9,austrian,1,6057,2.0
335,96,0,copenhagen,9,austrian,1,6057,2.0
638,162,20,copenhagen,9,austrian,1,6057,2.0
443,154,7,copenhagen,9,austrian,1,6057,2.0
995,227,13,copenhagen,9,austrian,1,6057,2.0
698,245,13,copenhagen,9,austrian,1,6057,2.0
893,243,0,copenhagen,9,austrian,1,6057,2.0
487,176,21,copenhagen,9,austrian,1,6057,2.0
422,408,9,copenhagen,9,austrian,1,6057,2.0
771,508,9,copenhagen,9,austrian,1,6057,2.0
385,351,9,copenhagen,9,austrian,1,6057,2.0
772,347,0,copenhagen,9,austrian,1,6057,2.0
99,214,0,copenhagen,9,austrian,1,6057,2.0
855,267,8,copenhagen,9,austrian,1,6057,2.0
358,263,7,copenhagen,9,austrian,1,6057,2.0
989,115,2,copenhagen,9,austrian,1,6057,2.0
688,93,0,copenhagen,9,austrian,1,6057,2.0
407,336,6,copenhagen,9,austrian,1,6057,2.0
818,184,0,copenhagen,9,austrian,1,6057,2.0
716,152,0,copenhagen,9,austrian,1,6057,2.0
805,169,13,copenhagen,9,austrian,1,6057,2.0
249,93,7,copenhagen,9,austrian,1,6057,2.0
831,114,6,copenhagen,9,austrian,1,6057,2.0
435,493,9,copenhagen,9,austrian,1,6057,2.0
876,150,0,copenhagen,9,austrian,1,6057,2.0
757,160,7,copenhagen,9,austrian,1,6057,2.0
391,203,9,copenhagen,9,austrian,1,6057,2.0
36,205,0,copenhagen,9,austrian,1,6057,2.0
727,129,0,copenhagen,9,austrian,1,6057,2.0
280,124,23,copenhagen,9,austrian,1,6057,2.0
844,499,9,copenhagen,9,austrian,1,6057,2.0
541,164,7,copenhagen,9,austrian,1,6057,2.0
930,125,12,copenhagen,9,austrian,0,6058,3.0
1,101,0,copenhagen,9,austrian,0,6058,3.0
391,203,9,copenhagen,9,austrian,0,6058,3.0
938,129,3,copenhagen,9,austrian,0,6058,3.0
830,95,7,copenhagen,9,austrian,0,6058,3.0
249,93,7,copenhagen,9,austrian,0,6058,3.0
834,97,0,copenhagen,9,austrian,0,6058,3.0
531,193,10,copenhagen,9,austrian,0,6058,3.0
849,210,8,copenhagen,9,austrian,0,6058,3.0
572,245,0,copenhagen,9,austrian,0,6058,3.0
518,206,4,copenhagen,9,austrian,0,6058,3.0
43,84,25,copenhagen,9,austrian,0,6058,3.0
556,186,0,copenhagen,9,austrian,0,6058,3.0
100,92,0,copenhagen,9,austrian,0,6058,3.0
961,243,12,copenhagen,9,austrian,0,6058,3.0
497,285,8,copenhagen,9,austrian,0,6058,3.0
541,164,7,copenhagen,9,austrian,0,6058,3.0
690,228,15,copenhagen,9,austrian,0,6058,3.0
142,414,17,copenhagen,9,austrian,0,6058,3.0
194,126,0,copenhagen,9,austrian,0,6058,3.0
329,254,9,copenhagen,9,austrian,0,6058,3.0
611,216,4,copenhagen,9,austrian,0,6058,3.0
90,212,9,copenhagen,9,austrian,0,6058,3.0
110,214,8,copenhagen,9,austrian,0,6058,3.0
638,162,20,copenhagen,9,austrian,0,6058,3.0
805,169,13,copenhagen,9,austrian,0,6058,3.0
350,452,15,copenhagen,9,austrian,0,6058,3.0
407,336,6,copenhagen,9,austrian,0,6058,3.0
744,180,0,copenhagen,9,austrian,0,6058,3.0
300,154,6,copenhagen,9,austrian,0,6058,3.0
547,214,9,copenhagen,9,austrian,0,6058,3.0
425,265,6,copenhagen,9,austrian,0,6058,3.0
688,93,0,copenhagen,9,austrian,0,6058,3.0
990,178,2,copenhagen,9,austrian,0,6058,3.0
559,317,6,copenhagen,9,austrian,0,6058,3.0
655,459,9,copenhagen,9,austrian,0,6058,3.0
508,287,9,copenhagen,9,austrian,0,6058,3.0
153,353,6,copenhagen,9,austrian,0,6058,3.0
726,345,17,copenhagen,9,austrian,0,6058,3.0
995,227,13,copenhagen,9,austrian,0,6058,3.0
78,490,9,copenhagen,9,austrian,0,6058,3.0
58,342,6,copenhagen,9,austrian,0,6058,3.0
402,136,0,copenhagen,9,austrian,0,6058,3.0
523,110,6,copenhagen,9,austrian,0,6058,3.0
365,100,0,copenhagen,9,austrian,0,6058,3.0
716,152,0,copenhagen,9,austrian,0,6058,3.0
989,115,2,copenhagen,9,austrian,0,6058,3.0
952,100,0,copenhagen,9,austrian,0,6058,3.0
318,150,7,copenhagen,9,austrian,0,6058,3.0
855,267,8,copenhagen,9,austrian,0,6058,3.0
348,210,8,copenhagen,9,austrian,0,6058,3.0
707,355,12,copenhagen,9,austrian,0,6058,3.0
766,496,9,copenhagen,9,austrian,0,6058,3.0
958,254,0,copenhagen,9,austrian,0,6058,3.0
698,245,13,copenhagen,9,austrian,0,6058,3.0
831,114,6,copenhagen,9,austrian,0,6058,3.0
358,263,7,copenhagen,9,austrian,0,6058,3.0
893,243,0,copenhagen,9,austrian,0,6058,3.0
981,117,2,copenhagen,9,austrian,0,6058,3.0
983,97,2,copenhagen,9,austrian,0,6058,3.0
422,408,9,copenhagen,9,austrian,0,6058,3.0
757,160,7,copenhagen,9,austrian,0,6058,3.0
812,212,0,copenhagen,9,austrian,0,6058,3.0
539,296,18,copenhagen,9,austrian,0,6058,3.0
481,101,0,copenhagen,9,austrian,0,6058,3.0
113,90,4,copenhagen,9,austrian,0,6058,3.0
829,214,9,copenhagen,9,austrian,0,6058,3.0
514,370,13,copenhagen,9,austrian,0,6058,3.0
431,130,0,copenhagen,9,austrian,0,6058,3.0
908,511,9,copenhagen,9,austrian,0,6058,3.0
669,279,10,copenhagen,9,austrian,0,6058,3.0
770,356,6,copenhagen,9,austrian,0,6058,3.0
124,380,15,copenhagen,9,austrian,0,6058,3.0
291,272,11,copenhagen,9,austrian,0,6058,3.0
922,363,6,copenhagen,9,austrian,0,6058,3.0
973,181,0,copenhagen,9,austrian,0,6058,3.0
761,154,2,copenhagen,9,austrian,0,6058,3.0
319,404,17,copenhagen,9,austrian,0,6058,3.0
367,102,3,copenhagen,9,austrian,0,6058,3.0
122,424,16,copenhagen,9,austrian,0,6058,3.0
99,214,0,copenhagen,9,austrian,0,6058,3.0
720,496,9,copenhagen,9,austrian,0,6058,3.0
664,502,9,copenhagen,9,austrian,0,6058,3.0
335,96,0,copenhagen,9,austrian,0,6058,3.0
435,493,9,copenhagen,9,austrian,0,6058,3.0
519,265,8,copenhagen,9,austrian,0,6058,3.0
443,154,7,copenhagen,9,austrian,0,6058,3.0
994,205,9,copenhagen,9,austrian,0,6058,3.0
60,100,0,copenhagen,9,austrian,0,6058,3.0
772,347,0,copenhagen,9,austrian,0,6058,3.0
36,205,0,copenhagen,9,austrian,0,6058,3.0
793,178,0,copenhagen,9,austrian,0,6058,3.0
243,103,0,copenhagen,9,austrian,0,6058,3.0
6,128,0,copenhagen,9,austrian,0,6058,3.0
251,175,1,copenhagen,9,austrian,0,6058,3.0
978,355,18,copenhagen,9,austrian,0,6058,3.0
92,89,10,copenhagen,9,austrian,0,6058,3.0
532,363,6,copenhagen,9,austrian,0,6058,3.0
506,157,3,copenhagen,9,austrian,0,6058,3.0
332,283,9,copenhagen,9,austrian,0,6058,3.0
445,94,0,copenhagen,9,austrian,0,6058,3.0
616,210,8,copenhagen,9,austrian,0,6058,3.0
309,100,0,copenhagen,9,austrian,0,6058,3.0
50,158,7,copenhagen,9,austrian,0,6058,3.0
405,103,0,copenhagen,9,austrian,0,6058,3.0
267,184,0,copenhagen,9,austrian,0,6058,3.0
695,214,8,copenhagen,9,austrian,0,6058,3.0
289,149,0,copenhagen,9,austrian,0,6058,3.0
691,95,0,copenhagen,9,austrian,0,6058,3.0
546,114,6,copenhagen,9,austrian,0,6058,3.0
53,100,0,copenhagen,9,austrian,0,6058,3.0
463,103,0,copenhagen,9,austrian,0,6058,3.0
202,210,9,copenhagen,9,austrian,0,6058,3.0
32,186,0,copenhagen,9,austrian,0,6058,3.0
91,136,0,copenhagen,9,austrian,0,6058,3.0
826,208,18,copenhagen,9,austrian,0,6058,3.0
771,508,9,copenhagen,9,austrian,0,6058,3.0
624,353,6,copenhagen,9,austrian,0,6058,3.0
349,274,8,copenhagen,9,austrian,0,6058,3.0
596,180,0,copenhagen,9,austrian,0,6058,3.0
900,249,2,copenhagen,9,austrian,0,6058,3.0
528,372,9,copenhagen,9,austrian,0,6058,3.0
844,499,9,copenhagen,9,austrian,0,6058,3.0
818,184,0,copenhagen,9,austrian,0,6058,3.0
894,408,13,copenhagen,9,austrian,0,6058,3.0
951,93,6,copenhagen,9,austrian,0,6058,3.0
898,98,0,copenhagen,9,austrian,0,6058,3.0
401,208,8,copenhagen,9,austrian,0,6058,3.0
562,347,6,copenhagen,9,austrian,0,6058,3.0
385,351,9,copenhagen,9,austrian,0,6058,3.0
487,176,21,copenhagen,9,austrian,0,6058,3.0
434,121,0,copenhagen,9,austrian,0,6058,3.0
872,99,6,copenhagen,9,austrian,0,6058,3.0
622,204,6,copenhagen,9,austrian,0,6058,3.0
959,234,13,copenhagen,9,austrian,0,6058,3.0
869,499,8,copenhagen,9,austrian,0,6058,3.0
711,149,8,copenhagen,9,austrian,0,6058,3.0
280,124,23,copenhagen,9,austrian,0,6058,3.0
876,150,0,copenhagen,9,austrian,0,6058,3.0
23,210,9,copenhagen,9,austrian,0,6058,3.0
433,152,7,copenhagen,9,austrian,0,6058,3.0
865,294,21,copenhagen,9,austrian,0,6058,3.0
96,165,5,copenhagen,9,austrian,0,6058,3.0
727,129,0,copenhagen,9,austrian,0,6058,3.0
85,133,4,amsterdam,9,austrian,0,6059,4.0
916,142,7,amsterdam,9,austrian,0,6059,4.0
193,156,5,amsterdam,9,austrian,0,6059,4.0
752,346,9,amsterdam,9,austrian,0,6059,4.0
891,129,5,amsterdam,9,austrian,0,6059,4.0
172,138,2,amsterdam,9,austrian,0,6059,4.0
880,136,0,amsterdam,9,austrian,0,6059,4.0
224,150,16,amsterdam,9,austrian,0,6059,4.0
230,193,4,amsterdam,9,austrian,0,6059,4.0
234,184,4,amsterdam,9,austrian,0,6059,4.0
369,80,0,amsterdam,9,austrian,0,6059,4.0
146,224,10,amsterdam,9,austrian,0,6059,4.0
706,133,0,amsterdam,9,austrian,0,6059,4.0
745,109,6,amsterdam,9,austrian,0,6059,4.0
806,282,22,amsterdam,9,austrian,0,6059,4.0
111,154,6,amsterdam,9,austrian,0,6059,4.0
625,255,10,amsterdam,9,austrian,0,6059,4.0
352,105,25,amsterdam,9,austrian,0,6059,4.0
442,201,12,amsterdam,9,austrian,0,6059,4.0
724,313,15,amsterdam,9,austrian,0,6059,4.0
214,312,6,amsterdam,9,austrian,0,6059,4.0
960,430,9,amsterdam,9,austrian,0,6059,4.0
630,162,0,amsterdam,9,austrian,0,6059,4.0
307,133,7,amsterdam,9,austrian,0,6059,4.0
507,133,7,amsterdam,9,austrian,0,6059,4.0
594,411,12,amsterdam,9,austrian,0,6059,4.0
158,187,9,amsterdam,9,austrian,0,6059,4.0
933,159,0,amsterdam,9,austrian,0,6059,4.0
211,156,0,amsterdam,9,austrian,0,6059,4.0
196,116,0,amsterdam,9,austrian,0,6059,4.0
105,184,8,amsterdam,9,austrian,0,6059,4.0
762,184,9,amsterdam,9,austrian,0,6059,4.0
750,119,9,amsterdam,9,austrian,0,6059,4.0
760,234,7,amsterdam,9,austrian,0,6059,4.0
317,207,13,amsterdam,9,austrian,0,6059,4.0
269,160,0,amsterdam,9,austrian,0,6059,4.0
821,116,6,amsterdam,9,austrian,0,6059,4.0
676,92,3,amsterdam,9,austrian,0,6059,4.0
218,309,6,amsterdam,9,austrian,0,6059,4.0
778,115,0,amsterdam,9,austrian,0,6059,4.0
417,187,0,amsterdam,9,austrian,0,6059,4.0
441,224,13,amsterdam,9,austrian,0,6059,4.0
475,111,0,amsterdam,9,austrian,0,6059,4.0
326,302,15,amsterdam,9,austrian,0,6059,4.0
303,224,4,amsterdam,9,austrian,0,6059,4.0
82,115,4,amsterdam,9,austrian,0,6059,4.0
223,159,0,amsterdam,9,austrian,0,6059,4.0
101,420,9,amsterdam,9,austrian,0,6059,4.0
603,302,9,amsterdam,9,austrian,0,6059,4.0
587,160,0,amsterdam,9,austrian,0,6059,4.0
918,356,13,amsterdam,9,austrian,0,6059,4.0
604,136,6,amsterdam,9,austrian,0,6059,4.0
311,108,18,amsterdam,9,austrian,0,6059,4.0
779,251,10,amsterdam,9,austrian,0,6059,4.0
658,187,3,amsterdam,9,austrian,0,6059,4.0
86,118,0,amsterdam,9,austrian,0,6059,4.0
163,222,10,amsterdam,9,austrian,0,6059,4.0
493,185,3,amsterdam,9,austrian,0,6059,4.0
12,83,0,amsterdam,9,austrian,0,6059,4.0
429,263,25,amsterdam,9,austrian,0,6059,4.0
971,187,8,amsterdam,9,austrian,0,6059,4.0
627,111,0,amsterdam,9,austrian,0,6059,4.0
271,86,0,amsterdam,9,austrian,0,6059,4.0
591,332,14,amsterdam,9,austrian,0,6059,4.0
921,97,8,amsterdam,9,austrian,0,6059,4.0
783,105,0,amsterdam,9,austrian,0,6059,4.0
430,167,17,amsterdam,9,austrian,0,6059,4.0
465,345,12,amsterdam,9,austrian,0,6059,4.0
585,79,10,amsterdam,9,austrian,0,6059,4.0
83,185,8,amsterdam,9,austrian,0,6059,4.0
34,83,0,amsterdam,9,austrian,0,6059,4.0
373,151,4,amsterdam,9,austrian,0,6059,4.0
529,406,8,amsterdam,9,austrian,0,6059,4.0
22,184,2,amsterdam,9,austrian,0,6059,4.0
657,216,8,amsterdam,9,austrian,0,6059,4.0
674,142,5,amsterdam,9,austrian,0,6059,4.0
807,428,9,amsterdam,9,austrian,0,6059,4.0
253,334,15,amsterdam,9,austrian,0,6059,4.0
256,82,0,amsterdam,9,austrian,0,6059,4.0
685,431,8,amsterdam,9,austrian,0,6059,4.0
515,430,9,amsterdam,9,austrian,0,6059,4.0
925,131,2,amsterdam,9,austrian,0,6059,4.0
212,312,6,amsterdam,9,austrian,0,6059,4.0
902,222,13,amsterdam,9,austrian,0,6059,4.0
743,182,8,amsterdam,9,austrian,0,6059,4.0
366,83,0,amsterdam,9,austrian,0,6059,4.0
945,189,5,amsterdam,9,austrian,0,6059,4.0
679,159,0,amsterdam,9,austrian,0,6059,4.0
917,348,12,amsterdam,9,austrian,0,6059,4.0
45,185,0,amsterdam,9,austrian,0,6059,4.0
548,241,27,amsterdam,9,austrian,0,6059,4.0
835,108,32,amsterdam,9,austrian,0,6059,4.0
103,190,24,amsterdam,9,austrian,0,6059,4.0
809,343,9,amsterdam,9,austrian,0,6059,4.0
892,293,6,amsterdam,9,austrian,0,6059,4.0
9,89,0,amsterdam,9,austrian,0,6059,4.0
867,156,0,amsterdam,9,austrian,0,6059,4.0
505,115,4,amsterdam,9,austrian,0,6059,4.0
788,115,0,amsterdam,9,austrian,0,6059,4.0
140,195,3,amsterdam,9,austrian,0,6059,4.0
283,121,7,amsterdam,9,austrian,0,6059,4.0
878,115,6,amsterdam,9,austrian,0,6059,4.0
117,96,4,amsterdam,9,austrian,0,6059,4.0
387,439,9,amsterdam,9,austrian,0,6059,4.0
77,428,9,amsterdam,9,austrian,0,6059,4.0
346,251,8,amsterdam,9,austrian,0,6059,4.0
166,145,7,amsterdam,9,austrian,0,6059,4.0
375,111,0,amsterdam,9,austrian,0,6059,4.0
570,114,0,amsterdam,9,austrian,0,6059,4.0
482,84,0,amsterdam,9,austrian,0,6059,4.0
16,187,0,amsterdam,9,austrian,0,6059,4.0
715,184,4,amsterdam,9,austrian,0,6059,4.0
581,157,2,amsterdam,9,austrian,0,6059,4.0
410,134,7,amsterdam,9,austrian,0,6059,4.0
680,159,0,amsterdam,9,austrian,0,6059,4.0
455,185,12,amsterdam,9,austrian,0,6059,4.0
557,118,0,amsterdam,9,austrian,0,6059,4.0
660,182,5,amsterdam,9,austrian,0,6059,4.0
52,184,7,amsterdam,9,austrian,0,6059,4.0
567,97,1,amsterdam,9,austrian,0,6059,4.0
264,84,0,amsterdam,9,austrian,0,6059,4.0
967,83,0,amsterdam,9,austrian,0,6059,4.0
510,373,16,amsterdam,9,austrian,0,6059,4.0
628,159,0,amsterdam,9,austrian,0,6059,4.0
517,136,7,amsterdam,9,austrian,0,6059,4.0
88,138,0,amsterdam,9,austrian,0,6059,4.0
460,88,0,amsterdam,9,austrian,0,6059,4.0
450,181,33,amsterdam,9,austrian,0,6059,4.0
588,184,0,amsterdam,9,austrian,0,6059,4.0
157,313,16,amsterdam,9,austrian,0,6059,4.0
777,189,4,amsterdam,9,austrian,0,6059,4.0
969,89,2,amsterdam,9,austrian,0,6059,4.0
10,160,0,amsterdam,9,austrian,0,6059,4.0
823,265,9,paris,12,austrian,1,6093,5.0
392,201,8,paris,12,austrian,1,6093,5.0
182,172,0,paris,12,austrian,1,6093,5.0
975,175,17,paris,12,austrian,1,6093,5.0
436,262,66,paris,12,austrian,1,6093,
238,169,0,paris,12,austrian,1,6093,5.0
949,334,20,paris,12,austrian,1,6093,5.0
851,94,7,paris,12,austrian,1,6093,5.0
339,268,16,paris,12,austrian,1,6093,5.0
937,238,10,paris,12,austrian,1,6093,5.0
647,151,6,paris,12,austrian,1,6093,5.0
972,106,6,paris,12,austrian,1,6093,5.0
817,260,15,paris,12,austrian,1,6093,5.0
558,108,3,paris,12,austrian,1,6093,5.0
700,188,78,paris,12,austrian,1,6093,5.0
963,144,7,paris,12,austrian,1,6093,5.0
734,149,4,paris,12,austrian,1,6093,5.0
595,199,8,paris,12,austrian,1,6093,5.0
584,404,13,paris,12,austrian,1,6093,5.0
14,165,13,paris,12,austrian,1,6093,5.0
599,109,32,paris,12,austrian,1,6093,5.0
94,265,72,paris,12,austrian,1,6093,5.0
17,87,8,paris,12,austrian,1,6093,5.0
421,170,8,paris,12,austrian,1,6093,5.0
884,236,17,paris,12,austrian,1,6093,5.0
602,122,4,paris,12,austrian,1,6093,5.0
656,129,8,paris,12,austrian,1,6093,5.0
825,199,13,paris,12,austrian,1,6093,5.0
926,199,25,paris,12,austrian,1,6093,5.0
803,313,15,paris,12,austrian,1,6093,5.0
722,205,12,paris,12,austrian,1,6093,5.0
837,361,18,paris,12,austrian,1,6093,5.0
290,202,12,paris,12,austrian,1,6093,5.0
314,124,0,paris,12,austrian,1,6093,5.0
56,262,15,paris,12,austrian,1,6093,5.0
299,122,0,paris,12,austrian,1,6093,5.0
560,162,16,paris,12,austrian,1,6093,5.0
731,199,1,paris,12,austrian,1,6093,5.0
853,199,12,paris,12,austrian,1,6093,5.0
379,373,22,paris,12,austrian,1,6093,5.0
858,260,9,paris,12,austrian,1,6093,5.0
29,278,9,paris,12,austrian,1,6093,5.0
614,93,0,paris,12,austrian,1,6093,5.0
176,91,0,paris,12,austrian,1,6093,5.0
582,260,13,paris,12,austrian,1,6093,5.0
28,169,6,paris,12,austrian,1,6093,5.0
301,141,10,paris,12,austrian,1,6093,5.0
199,242,0,paris,12,austrian,1,6093,5.0
942,274,12,paris,12,austrian,1,6093,5.0
449,235,16,paris,12,austrian,1,6093,5.0
785,301,8,paris,12,austrian,1,6093,5.0
492,124,0,paris,12,austrian,1,6093,5.0
65,171,1,paris,12,austrian,1,6093,5.0
165,171,20,paris,12,austrian,1,6093,5.0
69,267,84,paris,12,austrian,1,6093,5.0
577,199,0,paris,12,austrian,1,6093,5.0
640,205,8,paris,12,austrian,1,6093,5.0
274,202,8,paris,12,austrian,1,6093,5.0
415,134,8,paris,12,austrian,1,6093,5.0
477,89,2,paris,12,austrian,1,6093,5.0
868,247,10,paris,12,austrian,1,6093,5.0
795,175,0,paris,12,austrian,1,6093,5.0
526,380,18,paris,12,austrian,1,6093,5.0
738,130,9,paris,12,austrian,1,6093,5.0
229,235,17,paris,12,austrian,1,6093,5.0
207,174,0,paris,12,austrian,1,6093,5.0
540,315,24,paris,12,austrian,1,6093,5.0
24,353,21,paris,12,austrian,1,6093,5.0
227,90,5,paris,12,austrian,1,6093,5.0
259,146,6,paris,12,austrian,1,6093,5.0
130,276,13,paris,12,austrian,1,6093,5.0
735,164,5,paris,12,austrian,1,6093,5.0
998,238,0,paris,12,austrian,1,6093,5.0
705,151,4,paris,12,austrian,1,6093,5.0
631,88,0,paris,12,austrian,1,6093,5.0
741,201,12,paris,12,austrian,1,6093,5.0
419,144,10,paris,12,austrian,1,6093,5.0
736,238,15,paris,12,austrian,1,6093,5.0
841,92,0,paris,12,austrian,1,6093,5.0
133,168,0,paris,12,austrian,1,6093,5.0
629,92,0,paris,12,austrian,1,6093,5.0
305,205,12,paris,12,austrian,1,6093,5.0
132,274,27,paris,12,austrian,1,6093,5.0
564,97,0,paris,12,austrian,1,6093,5.0
634,92,0,paris,12,austrian,1,6093,5.0
748,202,19,paris,12,austrian,1,6093,5.0
912,174,0,paris,12,austrian,1,6093,5.0
49,171,0,paris,12,austrian,1,6093,5.0
663,164,14,paris,12,austrian,1,6093,5.0
534,339,21,paris,12,austrian,1,6093,5.0
797,154,7,paris,12,austrian,1,6093,5.0
980,121,0,paris,12,austrian,1,6093,5.0
903,94,0,paris,12,austrian,1,6093,5.0
576,240,8,paris,12,austrian,1,6093,5.0
782,281,31,paris,12,austrian,1,6093,5.0
123,133,7,paris,12,austrian,1,6093,5.0
327,240,6,paris,12,austrian,1,6093,5.0
767,199,0,paris,12,austrian,1,6093,5.0
248,265,10,paris,12,austrian,1,6093,5.0
357,192,12,paris,12,austrian,1,6093,5.0
338,208,27,paris,12,austrian,1,6093,5.0
708,199,12,paris,12,austrian,1,6093,5.0
866,399,13,paris,12,austrian,1,6093,5.0
509,94,0,paris,12,austrian,1,6093,5.0
188,90,15,paris,12,austrian,1,6093,5.0
792,90,16,paris,12,austrian,1,6093,5.0
580,149,10,paris,12,austrian,1,6093,5.0
148,121,0,paris,12,austrian,1,6093,5.0
27,266,32,paris,12,austrian,1,6093,5.0
41,144,10,paris,12,austrian,1,6093,5.0
579,90,2,paris,12,austrian,1,6093,5.0
216,221,15,paris,12,austrian,1,6093,5.0
474,194,12,paris,12,austrian,1,6093,5.0
684,90,3,paris,12,austrian,1,6093,5.0
222,360,18,paris,12,austrian,1,6093,5.0
910,91,7,paris,12,austrian,1,6093,5.0
808,373,13,paris,12,austrian,1,6093,5.0
121,88,3,paris,12,austrian,1,6093,5.0
331,104,10,paris,12,austrian,1,6093,5.0
970,348,23,paris,12,austrian,1,6093,5.0
115,114,30,paris,12,austrian,1,6093,5.0
863,387,13,paris,12,austrian,1,6093,5.0
992,88,0,paris,12,austrian,1,6093,5.0
573,316,23,paris,12,austrian,1,6093,5.0
342,127,3,paris,12,austrian,1,6093,5.0
571,375,14,paris,12,austrian,1,6093,5.0
617,393,21,paris,12,austrian,1,6093,5.0
162,393,23,paris,12,austrian,1,6093,5.0
254,174,0,paris,12,austrian,1,6093,5.0
192,126,0,paris,12,austrian,1,6093,5.0
0,258,16,paris,12,austrian,1,6093,5.0
885,181,18,paris,12,austrian,1,6093,5.0
150,240,18,paris,12,austrian,1,6093,5.0
612,240,16,paris,12,austrian,1,6093,5.0
484,146,10,paris,12,austrian,1,6093,5.0
911,162,10,paris,12,austrian,1,6093,5.0
66,197,11,paris,12,austrian,1,6093,5.0
95,397,13,paris,12,austrian,1,6093,5.0
21,91,2,paris,12,austrian,1,6093,5.0
842,387,14,paris,12,austrian,1,6093,5.0
948,255,16,paris,12,austrian,1,6093,5.0
257,199,6,paris,12,austrian,1,6093,5.0
119,268,10,paris,12,austrian,1,6093,5.0
397,367,14,paris,12,austrian,1,6093,5.0
225,202,10,paris,12,austrian,1,6093,5.0
412,281,87,paris,12,austrian,1,6093,5.0
323,393,22,paris,12,austrian,1,6093,5.0
986,273,10,paris,12,austrian,1,6093,5.0
882,235,2,paris,12,austrian,1,6093,5.0
946,275,10,paris,12,austrian,1,6093,5.0
790,397,13,paris,12,austrian,1,6093,5.0
467,271,65,paris,12,austrian,1,6093,5.0
308,255,13,paris,12,austrian,1,6093,5.0
756,262,16,paris,12,austrian,1,6093,5.0
889,202,10,paris,12,austrian,1,6093,5.0
159,268,11,paris,12,austrian,1,6093,5.0
645,171,0,paris,12,austrian,1,6093,5.0
359,149,9,paris,12,austrian,1,6093,5.0
776,169,0,paris,12,austrian,1,6093,5.0
723,91,2,paris,12,austrian,1,6093,5.0
522,182,5,paris,12,austrian,1,6093,5.0
447,144,6,paris,12,austrian,1,6093,5.0
306,208,18,paris,12,austrian,1,6093,5.0
62,91,0,paris,12,austrian,1,6093,5.0
742,311,18,paris,12,austrian,1,6093,5.0
348,165,90,copenhagen,34,austrian,0,28382,6.0
771,279,151,copenhagen,34,austrian,0,28382,6.0
481,97,29,copenhagen,34,austrian,0,28382,6.0
78,269,144,copenhagen,34,austrian,0,28382,6.0
367,98,31,copenhagen,34,austrian,0,28382,6.0
973,181,74,copenhagen,34,austrian,0,28382,6.0
624,212,104,copenhagen,34,austrian,0,28382,6.0
844,275,149,copenhagen,34,austrian,0,28382,6.0
113,90,33,copenhagen,34,austrian,0,28382,6.0
434,94,26,copenhagen,34,austrian,0,28382,6.0
669,207,102,copenhagen,34,austrian,0,28382,6.0
596,180,65,copenhagen,34,austrian,0,28382,6.0
202,165,72,copenhagen,34,austrian,0,28382,6.0
695,169,70,copenhagen,34,austrian,0,28382,6.0
990,168,76,copenhagen,34,austrian,0,28382,6.0
124,282,154,copenhagen,34,austrian,0,28382,6.0
894,294,140,copenhagen,34,austrian,0,28382,6.0
829,191,72,copenhagen,34,austrian,0,28382,6.0
519,204,93,copenhagen,34,austrian,0,28382,6.0
546,89,61,copenhagen,34,austrian,0,28382,6.0
983,90,33,copenhagen,34,austrian,0,28382,6.0
435,283,137,copenhagen,34,austrian,0,28382,6.0
757,126,54,copenhagen,34,austrian,0,28382,6.0
547,169,72,copenhagen,34,austrian,0,28382,6.0
989,94,30,copenhagen,34,austrian,0,28382,6.0
849,165,74,copenhagen,34,austrian,0,28382,6.0
559,199,97,copenhagen,34,austrian,0,28382,6.0
407,221,95,copenhagen,34,austrian,0,28382,6.0
707,292,144,copenhagen,34,austrian,0,28382,6.0
638,162,74,copenhagen,34,austrian,0,28382,6.0
872,99,32,copenhagen,34,austrian,0,28382,6.0
309,98,63,copenhagen,34,austrian,0,28382,6.0
1,101,55,copenhagen,34,austrian,0,28382,6.0
153,212,98,copenhagen,34,austrian,0,28382,6.0
487,176,76,copenhagen,34,austrian,0,28382,6.0
92,89,32,copenhagen,34,austrian,0,28382,6.0
572,202,91,copenhagen,34,austrian,0,28382,6.0
893,209,97,copenhagen,34,austrian,0,28382,6.0
99,191,66,copenhagen,34,austrian,0,28382,6.0
405,101,30,copenhagen,34,austrian,0,28382,6.0
994,167,81,copenhagen,34,austrian,0,28382,6.0
720,273,163,copenhagen,34,austrian,0,28382,6.0
556,186,78,copenhagen,34,austrian,0,28382,6.0
958,217,100,copenhagen,34,austrian,0,28382,6.0
865,294,145,copenhagen,34,austrian,0,28382,6.0
96,132,56,copenhagen,34,austrian,0,28382,6.0
716,125,59,copenhagen,34,austrian,0,28382,6.0
876,118,56,copenhagen,34,austrian,0,28382,6.0
508,207,98,copenhagen,34,austrian,0,28382,6.0
497,205,94,copenhagen,34,austrian,0,28382,6.0
300,121,54,copenhagen,34,austrian,0,28382,6.0
930,120,82,copenhagen,34,austrian,0,28382,6.0
898,88,34,copenhagen,34,austrian,0,28382,6.0
978,304,152,copenhagen,34,austrian,0,28382,6.0
531,177,74,copenhagen,34,austrian,0,28382,6.0
726,259,150,copenhagen,34,austrian,0,28382,6.0
385,276,147,copenhagen,34,austrian,0,28382,6.0
690,210,107,copenhagen,34,austrian,0,28382,6.0
335,93,60,copenhagen,34,austrian,0,28382,6.0
58,207,99,copenhagen,34,austrian,0,28382,6.0
818,184,70,copenhagen,34,austrian,0,28382,6.0
329,217,97,copenhagen,34,austrian,0,28382,6.0
142,322,144,copenhagen,34,austrian,0,28382,6.0
900,196,110,copenhagen,34,austrian,0,28382,6.0
243,94,29,copenhagen,34,austrian,0,28382,6.0
908,319,134,copenhagen,34,austrian,0,28382,6.0
433,119,63,copenhagen,34,austrian,0,28382,6.0
655,273,149,copenhagen,34,austrian,0,28382,6.0
36,196,63,copenhagen,34,austrian,0,28382,6.0
32,186,76,copenhagen,34,austrian,0,28382,6.0
332,212,107,copenhagen,34,austrian,0,28382,6.0
938,127,33,copenhagen,34,austrian,0,28382,6.0
959,199,103,copenhagen,34,austrian,0,28382,6.0
622,124,65,copenhagen,34,austrian,0,28382,6.0
443,121,66,copenhagen,34,austrian,0,28382,6.0
766,285,142,copenhagen,34,austrian,0,28382,6.0
350,314,147,copenhagen,34,austrian,0,28382,6.0
698,202,102,copenhagen,34,austrian,0,28382,6.0
267,184,76,copenhagen,34,austrian,0,28382,6.0
50,129,55,copenhagen,34,austrian,0,28382,6.0
518,119,58,copenhagen,34,austrian,0,28382,6.0
6,123,64,copenhagen,34,austrian,0,28382,6.0
90,167,76,copenhagen,34,austrian,0,28382,6.0
711,126,55,copenhagen,34,austrian,0,28382,6.0
772,298,125,copenhagen,34,austrian,0,28382,6.0
541,126,59,copenhagen,34,austrian,0,28382,6.0
401,171,72,copenhagen,34,austrian,0,28382,6.0
122,282,162,copenhagen,34,austrian,0,28382,6.0
110,169,68,copenhagen,34,austrian,0,28382,6.0
805,169,90,copenhagen,34,austrian,0,28382,6.0
402,136,54,copenhagen,34,austrian,0,28382,6.0
425,194,116,copenhagen,34,austrian,0,28382,6.0
691,86,64,copenhagen,34,austrian,0,28382,6.0
834,97,25,copenhagen,34,austrian,0,28382,6.0
318,134,53,copenhagen,34,austrian,0,28382,6.0
431,130,57,copenhagen,34,austrian,0,28382,6.0
463,103,28,copenhagen,34,austrian,0,28382,6.0
528,273,147,copenhagen,34,austrian,0,28382,6.0
770,205,102,copenhagen,34,austrian,0,28382,6.0
422,294,141,copenhagen,34,austrian,0,28382,6.0
831,94,26,copenhagen,34,austrian,0,28382,6.0
869,299,136,copenhagen,34,austrian,0,28382,6.0
826,199,107,copenhagen,34,austrian,0,28382,6.0
506,124,31,copenhagen,34,austrian,0,28382,6.0
358,202,98,copenhagen,34,austrian,0,28382,6.0
812,181,66,copenhagen,34,austrian,0,28382,6.0
349,212,95,copenhagen,34,austrian,0,28382,6.0
611,177,78,copenhagen,34,austrian,0,28382,6.0
23,165,76,copenhagen,34,austrian,0,28382,6.0
761,121,64,copenhagen,34,austrian,0,28382,6.0
855,196,115,copenhagen,34,austrian,0,28382,6.0
280,124,76,copenhagen,34,austrian,0,28382,6.0
251,167,28,copenhagen,34,austrian,0,28382,6.0
391,180,72,copenhagen,34,austrian,0,28382,6.0
793,163,32,copenhagen,34,austrian,0,28382,6.0
532,208,101,copenhagen,34,austrian,0,28382,6.0
523,82,57,copenhagen,34,austrian,0,28382,6.0
365,98,30,copenhagen,34,austrian,0,28382,6.0
53,98,32,copenhagen,34,austrian,0,28382,6.0
727,127,28,copenhagen,34,austrian,0,28382,6.0
514,272,167,copenhagen,34,austrian,0,28382,6.0
562,210,100,copenhagen,34,austrian,0,28382,6.0
445,94,29,copenhagen,34,austrian,0,28382,6.0
922,227,91,copenhagen,34,austrian,0,28382,6.0
291,199,107,copenhagen,34,austrian,0,28382,6.0
539,282,151,copenhagen,34,austrian,0,28382,6.0
60,96,30,copenhagen,34,austrian,0,28382,6.0
91,125,28,copenhagen,34,austrian,0,28382,6.0
961,191,108,copenhagen,34,austrian,0,28382,6.0
688,88,62,copenhagen,34,austrian,0,28382,6.0
100,92,30,copenhagen,34,austrian,0,28382,6.0
289,116,58,copenhagen,34,austrian,0,28382,6.0
616,173,71,copenhagen,34,austrian,0,28382,6.0
319,291,144,copenhagen,34,austrian,0,28382,6.0
664,301,137,copenhagen,34,austrian,0,28382,6.0
590,85,65,sofia,31,austrian,0,28383,7.0
109,87,60,sofia,31,austrian,0,28383,7.0
649,140,137,sofia,31,austrian,0,28383,7.0
608,92,52,sofia,31,austrian,0,28383,7.0
554,47,63,sofia,31,austrian,0,28383,7.0
574,66,25,sofia,31,austrian,0,28383,7.0
181,85,78,sofia,31,austrian,0,28383,7.0
145,84,64,sofia,31,austrian,0,28383,7.0
107,47,26,sofia,31,austrian,0,28383,7.0
578,101,80,sofia,31,austrian,0,28383,7.0
143,62,58,sofia,31,austrian,0,28383,7.0
287,147,112,sofia,31,austrian,0,28383,7.0
802,83,52,sofia,31,austrian,0,28383,7.0
272,51,24,sofia,31,austrian,0,28383,7.0
472,48,83,sofia,31,austrian,0,28383,7.0
871,85,62,sofia,31,austrian,0,28383,7.0
653,101,81,sofia,31,austrian,0,28383,7.0
141,91,62,sofia,31,austrian,0,28383,7.0
883,117,75,sofia,31,austrian,0,28383,7.0
637,63,30,sofia,31,austrian,0,28383,7.0
665,61,40,sofia,31,austrian,0,28383,7.0
25,137,113,sofia,31,austrian,0,28383,7.0
601,63,44,sofia,31,austrian,0,28383,7.0
899,90,52,sofia,31,austrian,0,28383,7.0
262,86,55,sofia,31,austrian,0,28383,7.0
353,46,32,sofia,31,austrian,0,28383,7.0
597,149,115,sofia,31,austrian,0,28383,7.0
416,95,56,sofia,31,austrian,0,28383,7.0
544,66,23,sofia,31,austrian,0,28383,7.0
815,153,113,sofia,31,austrian,0,28383,7.0
852,50,24,sofia,31,austrian,0,28383,7.0
190,48,24,sofia,31,austrian,0,28383,7.0
764,63,27,sofia,31,austrian,0,28383,7.0
470,64,44,sofia,31,austrian,0,28383,7.0
304,93,86,sofia,31,austrian,0,28383,7.0
203,103,76,sofia,31,austrian,0,28383,7.0
208,68,27,sofia,31,austrian,0,28383,7.0
542,68,44,sofia,31,austrian,0,28383,7.0
44,52,20,sofia,31,austrian,0,28383,7.0
383,45,72,sofia,31,austrian,0,28383,7.0
923,47,45,sofia,31,austrian,0,28383,7.0
201,84,50,sofia,31,austrian,0,28383,7.0
814,142,119,sofia,31,austrian,0,28383,7.0
459,90,60,sofia,31,austrian,0,28383,7.0
137,47,27,sofia,31,austrian,0,28383,7.0
337,86,66,sofia,31,austrian,0,28383,7.0
683,92,64,sofia,31,austrian,0,28383,7.0
270,111,71,sofia,31,austrian,0,28383,7.0
862,64,46,sofia,31,austrian,0,28383,7.0
553,98,31,sofia,31,austrian,0,28383,7.0
984,63,27,sofia,31,austrian,0,28383,7.0
302,62,74,sofia,31,austrian,0,28383,7.0
968,109,76,sofia,31,austrian,0,28383,7.0
4,46,25,sofia,31,austrian,0,28383,7.0
13,59,28,sofia,31,austrian,0,28383,7.0
625,195,38,amsterdam,21,danish,0,28384,8.0
505,108,19,amsterdam,21,danish,0,28384,8.0
762,180,21,amsterdam,21,danish,0,28384,8.0
603,275,43,amsterdam,21,danish,0,28384,8.0
674,124,26,amsterdam,21,danish,0,28384,8.0
146,180,38,amsterdam,21,danish,0,28384,8.0
680,156,10,amsterdam,21,danish,0,28384,8.0
82,112,21,amsterdam,21,danish,0,28384,8.0
172,130,17,amsterdam,21,danish,0,28384,8.0
271,84,2,amsterdam,21,danish,0,28384,8.0
9,87,15,amsterdam,21,danish,0,28384,8.0
752,263,47,amsterdam,21,danish,0,28384,8.0
807,273,41,amsterdam,21,danish,0,28384,8.0
45,169,22,amsterdam,21,danish,0,28384,8.0
548,237,67,amsterdam,21,danish,0,28384,8.0
892,194,22,amsterdam,21,danish,0,28384,8.0
157,284,40,amsterdam,21,danish,0,28384,8.0
581,154,16,amsterdam,21,danish,0,28384,8.0
809,263,49,amsterdam,21,danish,0,28384,8.0
788,112,11,amsterdam,21,danish,0,28384,8.0
346,187,38,amsterdam,21,danish,0,28384,8.0
743,172,27,amsterdam,21,danish,0,28384,8.0
86,115,15,amsterdam,21,danish,0,28384,8.0
902,171,43,amsterdam,21,danish,0,28384,8.0
223,156,12,amsterdam,21,danish,0,28384,8.0
193,153,23,amsterdam,21,danish,0,28384,8.0
10,157,24,amsterdam,21,danish,0,28384,8.0
835,106,46,amsterdam,21,danish,0,28384,8.0
475,109,22,amsterdam,21,danish,0,28384,8.0
493,169,20,amsterdam,21,danish,0,28384,8.0
429,258,54,amsterdam,21,danish,0,28384,8.0
450,177,58,amsterdam,21,danish,0,28384,8.0
269,157,21,amsterdam,21,danish,0,28384,8.0
230,114,19,amsterdam,21,danish,0,28384,8.0
604,115,17,amsterdam,21,danish,0,28384,8.0
960,277,46,amsterdam,21,danish,0,28384,8.0
630,159,21,amsterdam,21,danish,0,28384,8.0
967,81,30,amsterdam,21,danish,0,28384,8.0
163,180,44,amsterdam,21,danish,0,28384,8.0
880,124,17,amsterdam,21,danish,0,28384,8.0
211,153,20,amsterdam,21,danish,0,28384,8.0
303,195,29,amsterdam,21,danish,0,28384,8.0
417,163,26,amsterdam,21,danish,0,28384,8.0
366,81,14,amsterdam,21,danish,0,28384,8.0
196,113,5,amsterdam,21,danish,0,28384,8.0
52,161,22,amsterdam,21,danish,0,28384,8.0
878,112,31,amsterdam,21,danish,0,28384,8.0
778,112,4,amsterdam,21,danish,0,28384,8.0
373,117,20,amsterdam,21,danish,0,28384,8.0
510,266,63,amsterdam,21,danish,0,28384,8.0
442,167,38,amsterdam,21,danish,0,28384,8.0
515,287,38,amsterdam,21,danish,0,28384,8.0
779,193,41,amsterdam,21,danish,0,28384,8.0
352,103,44,amsterdam,21,danish,0,28384,8.0
867,147,24,amsterdam,21,danish,0,28384,8.0
933,156,22,amsterdam,21,danish,0,28384,8.0
660,165,20,amsterdam,21,danish,0,28384,8.0
101,281,36,amsterdam,21,danish,0,28384,8.0
375,109,19,amsterdam,21,danish,0,28384,8.0
925,105,17,amsterdam,21,danish,0,28384,8.0
88,136,16,amsterdam,21,danish,0,28384,8.0
158,144,28,amsterdam,21,danish,0,28384,8.0
77,263,50,amsterdam,21,danish,0,28384,8.0
460,86,0,amsterdam,21,danish,0,28384,8.0
517,119,28,amsterdam,21,danish,0,28384,8.0
679,156,22,amsterdam,21,danish,0,28384,8.0
482,83,7,amsterdam,21,danish,0,28384,8.0
918,307,47,amsterdam,21,danish,0,28384,8.0
585,77,22,amsterdam,21,danish,0,28384,8.0
657,167,38,amsterdam,21,danish,0,28384,8.0
628,156,38,amsterdam,21,danish,0,28384,8.0
85,111,17,amsterdam,21,danish,0,28384,8.0
212,206,28,amsterdam,21,danish,0,28384,8.0
465,254,54,amsterdam,21,danish,0,28384,8.0
214,191,31,amsterdam,21,danish,0,28384,8.0
760,184,29,amsterdam,21,danish,0,28384,8.0
264,82,7,amsterdam,21,danish,0,28384,8.0
557,116,0,amsterdam,21,danish,0,28384,8.0
916,111,25,amsterdam,21,danish,0,28384,8.0
594,240,84,amsterdam,21,danish,0,28384,8.0
570,111,19,amsterdam,21,danish,0,28384,8.0
971,163,22,amsterdam,21,danish,0,28384,8.0
891,107,9,amsterdam,21,danish,0,28384,8.0
256,81,9,amsterdam,21,danish,0,28384,8.0
117,77,13,amsterdam,21,danish,0,28384,8.0
921,95,20,amsterdam,21,danish,0,28384,8.0
12,81,9,amsterdam,21,danish,0,28384,8.0
676,74,8,amsterdam,21,danish,0,28384,8.0
16,184,17,amsterdam,21,danish,0,28384,8.0
969,78,16,amsterdam,21,danish,0,28384,8.0
945,153,32,amsterdam,21,danish,0,28384,8.0
307,111,19,amsterdam,21,danish,0,28384,8.0
706,130,15,amsterdam,21,danish,0,28384,8.0
103,187,50,amsterdam,21,danish,0,28384,8.0
745,107,19,amsterdam,21,danish,0,28384,8.0
587,157,15,amsterdam,21,danish,0,28384,8.0
777,159,25,amsterdam,21,danish,0,28384,8.0
685,285,42,amsterdam,21,danish,0,28384,8.0
34,81,10,amsterdam,21,danish,0,28384,8.0
917,276,49,amsterdam,21,danish,0,28384,8.0
387,258,46,amsterdam,21,danish,0,28384,8.0
253,264,55,amsterdam,21,danish,0,28384,8.0
105,161,22,amsterdam,21,danish,0,28384,8.0
317,188,32,amsterdam,21,danish,0,28384,8.0
783,103,7,amsterdam,21,danish,0,28384,8.0
166,118,22,amsterdam,21,danish,0,28384,8.0
567,95,8,amsterdam,21,danish,0,28384,8.0
821,111,22,amsterdam,21,danish,0,28384,8.0
627,109,0,amsterdam,21,danish,0,28384,8.0
588,180,0,amsterdam,21,danish,0,28384,8.0
750,116,11,amsterdam,21,danish,0,28384,8.0
326,264,53,amsterdam,21,danish,0,28384,8.0
311,106,25,amsterdam,21,danish,0,28384,8.0
430,163,64,amsterdam,21,danish,0,28384,8.0
724,284,40,amsterdam,21,danish,0,28384,8.0
224,147,39,amsterdam,21,danish,0,28384,8.0
369,78,0,amsterdam,21,danish,0,28384,8.0
806,277,54,amsterdam,21,danish,0,28384,8.0
234,161,22,amsterdam,21,danish,0,28384,8.0
83,169,20,amsterdam,21,danish,0,28384,8.0
218,197,29,amsterdam,21,danish,0,28384,8.0
111,127,14,amsterdam,21,danish,0,28384,8.0
283,105,21,amsterdam,21,danish,0,28384,8.0
507,130,17,amsterdam,21,danish,0,28384,8.0
179,116,0,vienna,6,austrian,1,28385,9.0
846,306,4,vienna,6,austrian,1,28385,9.0
255,202,8,vienna,6,austrian,1,28385,9.0
565,312,15,vienna,6,austrian,1,28385,9.0
63,154,8,vienna,6,austrian,1,28385,9.0
152,232,8,vienna,6,austrian,1,28385,9.0
755,84,0,vienna,6,austrian,1,28385,9.0
672,300,4,vienna,6,austrian,1,28385,9.0
875,111,0,vienna,6,austrian,1,28385,9.0
231,156,0,vienna,6,austrian,1,28385,9.0
315,310,12,vienna,6,austrian,1,28385,9.0
372,128,4,vienna,6,austrian,1,28385,9.0
692,387,6,vienna,6,austrian,1,28385,9.0
457,154,0,vienna,6,austrian,1,28385,9.0
220,93,5,vienna,6,austrian,1,28385,9.0
268,132,0,vienna,6,austrian,1,28385,9.0
675,106,10,vienna,6,austrian,1,28385,9.0
184,405,6,vienna,6,austrian,1,28385,9.0
977,119,11,vienna,6,austrian,1,28385,9.0
940,181,0,vienna,6,austrian,1,28385,9.0
87,234,6,vienna,6,austrian,1,28385,9.0
438,113,0,vienna,6,austrian,1,28385,9.0
682,150,0,vienna,6,austrian,1,28385,9.0
245,144,4,vienna,6,austrian,1,28385,9.0
931,306,4,vienna,6,austrian,1,28385,9.0
928,87,0,vienna,6,austrian,1,28385,9.0
446,112,0,vienna,6,austrian,1,28385,9.0
57,157,0,vienna,6,austrian,1,28385,9.0
810,164,3,vienna,6,austrian,1,28385,9.0
173,115,0,vienna,6,austrian,1,28385,9.0
382,186,4,vienna,6,austrian,1,28385,9.0
848,272,6,vienna,6,austrian,1,28385,9.0
549,111,0,vienna,6,austrian,1,28385,9.0
292,220,6,vienna,6,austrian,1,28385,9.0
920,109,0,vienna,6,austrian,1,28385,9.0
662,298,4,vienna,6,austrian,1,28385,9.0
775,83,0,vienna,6,austrian,1,28385,9.0
11,214,8,vienna,6,austrian,1,28385,9.0
730,220,8,vienna,6,austrian,1,28385,9.0
877,85,0,vienna,6,austrian,1,28385,9.0
64,85,0,vienna,6,austrian,1,28385,9.0
703,172,6,vienna,6,austrian,1,28385,9.0
646,111,2,vienna,6,austrian,1,28385,9.0
128,298,4,vienna,6,austrian,1,28385,9.0
535,153,0,vienna,6,austrian,1,28385,9.0
927,278,4,vienna,6,austrian,1,28385,9.0
919,80,0,vienna,6,austrian,1,28385,9.0
979,184,6,vienna,6,austrian,1,28385,9.0
943,241,8,vienna,6,austrian,1,28385,9.0
511,234,8,vienna,6,austrian,1,28385,9.0
996,130,4,vienna,6,austrian,1,28385,9.0
626,186,2,vienna,6,austrian,1,28385,9.0
753,159,4,vienna,6,austrian,1,28385,9.0
226,112,0,vienna,6,austrian,1,28385,9.0
266,83,0,vienna,6,austrian,1,28385,9.0
890,83,0,vienna,6,austrian,1,28385,9.0
635,142,3,vienna,6,austrian,1,28385,9.0
610,78,9,vienna,6,austrian,1,28385,9.0
368,79,0,vienna,6,austrian,1,28385,9.0
68,180,8,vienna,6,austrian,1,28385,9.0
426,176,2,vienna,6,austrian,1,28385,9.0
693,265,25,vienna,6,austrian,1,28385,9.0
704,113,0,vienna,6,austrian,1,28385,9.0
428,134,1,vienna,6,austrian,1,28385,9.0
278,116,0,vienna,6,austrian,1,28385,9.0
403,440,5,vienna,6,austrian,1,28385,9.0
33,178,0,vienna,6,austrian,1,28385,9.0
168,403,6,vienna,6,austrian,1,28385,9.0
167,84,0,vienna,6,austrian,1,28385,9.0
116,131,1,vienna,6,austrian,1,28385,9.0
494,217,5,vienna,6,austrian,1,28385,9.0
343,84,3,vienna,6,austrian,1,28385,9.0
666,85,0,vienna,6,austrian,1,28385,9.0
839,180,17,vienna,6,austrian,1,28385,9.0
524,313,4,vienna,6,austrian,1,28385,9.0
661,130,3,vienna,6,austrian,1,28385,9.0
236,84,3,vienna,6,austrian,1,28385,9.0
924,180,6,vienna,6,austrian,1,28385,9.0
8,143,6,vienna,6,austrian,1,28385,9.0
530,105,4,vienna,6,austrian,1,28385,9.0
962,150,0,vienna,6,austrian,1,28385,9.0
833,153,0,vienna,6,austrian,1,28385,9.0
15,332,9,vienna,6,austrian,1,28385,9.0
210,132,5,vienna,6,austrian,1,28385,9.0
171,90,4,vienna,6,austrian,1,28385,9.0
801,295,4,vienna,6,austrian,1,28385,9.0
70,187,11,vienna,6,austrian,1,28385,9.0
239,438,6,vienna,6,austrian,1,28385,9.0
336,134,0,vienna,6,austrian,1,28385,9.0
195,151,0,vienna,6,austrian,1,28385,9.0
713,298,4,vienna,6,austrian,1,28385,9.0
219,276,4,vienna,6,austrian,1,28385,9.0
35,87,0,vienna,6,austrian,1,28385,9.0
354,96,6,vienna,6,austrian,1,28385,9.0
98,157,1,vienna,6,austrian,1,28385,9.0
784,113,0,vienna,6,austrian,1,28385,9.0
613,283,4,vienna,6,austrian,1,28385,9.0
275,132,0,vienna,6,austrian,1,28385,9.0
462,84,0,vienna,6,austrian,1,28385,9.0
652,142,4,vienna,6,austrian,1,28385,9.0
37,225,6,vienna,6,austrian,1,28385,9.0
250,438,6,vienna,6,austrian,1,28385,9.0
696,94,20,rome,23,bulgarian,1,28386,10.0
48,63,34,rome,23,bulgarian,1,28386,10.0
437,94,14,rome,23,bulgarian,1,28386,10.0
386,100,13,rome,23,bulgarian,1,28386,10.0
213,94,5,rome,23,bulgarian,1,28386,10.0
129,100,24,rome,23,bulgarian,1,28386,10.0
773,72,9,rome,23,bulgarian,1,28386,10.0
864,135,34,rome,23,bulgarian,1,28386,10.0
843,222,62,rome,23,bulgarian,1,28386,10.0
3,66,14,rome,23,bulgarian,1,28386,10.0
555,157,23,rome,23,bulgarian,1,28386,10.0
114,132,30,rome,23,bulgarian,1,28386,10.0
781,69,0,rome,23,bulgarian,1,28386,10.0
381,129,25,rome,23,bulgarian,1,28386,10.0
341,105,23,rome,23,bulgarian,1,28386,10.0
316,151,55,rome,23,bulgarian,1,28386,10.0
850,160,52,rome,23,bulgarian,1,28386,10.0
993,165,39,rome,23,bulgarian,1,28386,10.0
953,99,23,rome,23,bulgarian,1,28386,10.0
702,166,45,rome,23,bulgarian,1,28386,10.0
929,259,45,rome,23,bulgarian,1,28386,10.0
46,247,50,rome,23,bulgarian,1,28386,10.0
206,168,46,rome,23,bulgarian,1,28386,10.0
786,219,58,rome,23,bulgarian,1,28386,10.0
725,162,34,rome,23,bulgarian,1,28386,10.0
513,72,16,rome,23,bulgarian,1,28386,10.0
345,130,2,rome,23,bulgarian,1,28386,10.0
330,227,54,rome,23,bulgarian,1,28386,10.0
543,160,44,rome,23,bulgarian,1,28386,10.0
763,99,26,rome,23,bulgarian,1,28386,10.0
739,174,34,rome,23,bulgarian,1,28386,10.0
804,143,22,rome,23,bulgarian,1,28386,10.0
51,133,28,rome,23,bulgarian,1,28386,10.0
728,260,37,rome,23,bulgarian,1,28386,10.0
934,71,18,rome,23,bulgarian,1,28386,10.0
473,220,53,rome,23,bulgarian,1,28386,10.0
496,64,41,rome,23,bulgarian,1,28386,10.0
396,99,27,rome,23,bulgarian,1,28386,10.0
686,82,16,rome,23,bulgarian,1,28386,10.0
569,106,20,rome,23,bulgarian,1,28386,10.0
228,130,0,rome,23,bulgarian,1,28386,10.0
681,143,26,rome,23,bulgarian,1,28386,10.0
536,102,28,rome,23,bulgarian,1,28386,10.0
796,130,36,rome,23,bulgarian,1,28386,10.0
644,68,0,rome,23,bulgarian,1,28386,10.0
281,102,19,rome,23,bulgarian,1,28386,10.0
897,242,52,rome,23,bulgarian,1,28386,10.0
486,166,33,rome,23,bulgarian,1,28386,10.0
324,159,26,rome,23,bulgarian,1,28386,10.0
178,218,82,rome,23,bulgarian,1,28386,10.0
874,158,46,rome,23,bulgarian,1,28386,10.0
485,70,14,rome,23,bulgarian,1,28386,10.0
390,181,32,rome,23,bulgarian,1,28386,10.0
321,252,53,rome,23,bulgarian,1,28386,10.0
583,70,11,rome,23,bulgarian,1,28386,10.0
701,69,20,rome,23,bulgarian,1,28386,10.0
38,94,16,rome,23,bulgarian,1,28386,10.0
399,170,36,rome,23,bulgarian,1,28386,10.0
759,157,47,rome,23,bulgarian,1,28386,10.0
677,154,46,rome,23,bulgarian,1,28386,10.0
242,161,46,rome,23,bulgarian,1,28386,10.0
537,152,53,rome,23,bulgarian,1,28386,10.0
566,142,84,rome,23,bulgarian,1,28386,10.0
423,242,50,rome,23,bulgarian,1,28386,10.0
380,74,12,rome,23,bulgarian,1,28386,10.0
374,98,14,rome,23,bulgarian,1,28386,10.0
947,130,34,rome,23,bulgarian,1,28386,10.0
586,153,46,rome,23,bulgarian,1,28386,10.0
840,103,30,rome,23,bulgarian,1,28386,10.0
854,247,48,rome,23,bulgarian,1,28386,10.0
816,71,10,rome,23,bulgarian,1,28386,10.0
42,172,41,rome,23,bulgarian,1,28386,10.0
453,240,57,rome,23,bulgarian,1,28386,10.0
824,218,62,rome,23,bulgarian,1,28386,10.0
895,232,53,rome,23,bulgarian,1,28386,10.0
471,152,66,rome,23,bulgarian,1,28386,10.0
232,73,13,rome,23,bulgarian,1,28386,10.0
621,73,11,rome,23,bulgarian,1,28386,10.0
180,71,12,rome,23,bulgarian,1,28386,10.0
838,157,25,rome,23,bulgarian,1,28386,10.0
712,148,61,rome,23,bulgarian,1,28386,10.0
144,72,20,rome,23,bulgarian,1,28386,10.0
552,91,34,rome,23,bulgarian,1,28386,10.0
440,107,24,rome,23,bulgarian,1,28386,10.0
344,68,21,rome,23,bulgarian,1,28386,10.0
298,146,24,rome,23,bulgarian,1,28386,10.0
907,136,30,rome,23,bulgarian,1,28386,10.0
191,133,26,rome,23,bulgarian,1,28386,10.0
659,168,45,rome,23,bulgarian,1,28386,10.0
550,71,29,rome,23,bulgarian,1,28386,10.0
156,70,11,rome,23,bulgarian,1,28386,10.0
347,77,14,rome,23,bulgarian,1,28386,10.0
651,90,24,rome,23,bulgarian,1,28386,10.0
73,169,41,rome,23,bulgarian,1,28386,10.0
489,287,44,rome,23,bulgarian,1,28386,10.0
361,156,24,rome,23,bulgarian,1,28386,10.0
769,77,13,rome,23,bulgarian,1,28386,10.0
913,154,30,rome,23,bulgarian,1,28386,10.0
273,136,36,rome,23,bulgarian,1,28386,10.0
170,128,46,rome,23,bulgarian,1,28386,10.0
714,71,0,rome,23,bulgarian,1,28386,10.0
151,227,75,rome,23,bulgarian,1,28386,10.0
469,64,29,rome,23,bulgarian,1,28386,10.0
636,94,23,rome,23,bulgarian,1,28386,10.0
563,185,31,rome,23,bulgarian,1,28386,10.0
286,112,19,rome,23,bulgarian,1,28386,10.0
944,263,48,rome,23,bulgarian,1,28386,10.0
668,100,21,rome,23,bulgarian,1,28386,10.0
991,162,40,rome,23,bulgarian,1,28386,10.0
364,149,23,rome,23,bulgarian,1,28386,10.0
671,135,26,rome,23,bulgarian,1,28386,10.0
112,74,12,rome,23,bulgarian,1,28386,10.0
296,63,16,rome,23,bulgarian,1,28386,10.0
932,130,25,rome,23,bulgarian,1,28386,10.0
787,106,22,rome,23,bulgarian,1,28386,10.0
641,102,24,rome,23,bulgarian,1,28386,10.0
328,69,14,rome,23,bulgarian,1,28386,10.0
694,132,13,rome,23,bulgarian,1,28386,10.0
650,73,14,rome,23,bulgarian,1,28386,10.0
751,223,55,rome,23,bulgarian,1,28386,10.0
906,136,12,rome,23,bulgarian,1,28386,10.0
293,65,26,rome,23,bulgarian,1,28386,10.0
856,71,1,rome,23,bulgarian,1,28386,10.0
642,67,20,rome,23,bulgarian,1,28386,10.0
774,162,41,rome,23,bulgarian,1,28386,10.0
452,156,45,rome,23,bulgarian,1,28386,10.0
260,101,33,rome,23,bulgarian,1,28386,10.0
139,74,3,rome,23,bulgarian,1,28386,10.0
591,326,4,amsterdam,0,danish,0,28387,11.0
933,156,0,amsterdam,0,danish,0,28387,11.0
627,109,0,amsterdam,0,danish,0,28387,11.0
193,153,0,amsterdam,0,danish,0,28387,11.0
22,180,0,amsterdam,0,danish,0,28387,11.0
303,220,0,amsterdam,0,danish,0,28387,11.0
455,181,8,amsterdam,0,danish,0,28387,11.0
86,115,0,amsterdam,0,danish,0,28387,11.0
442,212,0,amsterdam,0,danish,0,28387,11.0
146,220,0,amsterdam,0,danish,0,28387,11.0
460,86,0,amsterdam,0,danish,0,28387,11.0
628,156,0,amsterdam,0,danish,0,28387,11.0
52,180,0,amsterdam,0,danish,0,28387,11.0
557,116,0,amsterdam,0,danish,0,28387,11.0
548,431,0,amsterdam,0,danish,0,28387,11.0
214,306,0,amsterdam,0,danish,0,28387,11.0
450,177,14,amsterdam,0,danish,0,28387,11.0
387,431,0,amsterdam,0,danish,0,28387,11.0
891,127,3,amsterdam,0,danish,0,28387,11.0
760,282,0,amsterdam,0,danish,0,28387,11.0
657,265,0,amsterdam,0,danish,0,28387,11.0
9,87,0,amsterdam,0,danish,0,28387,11.0
925,128,0,amsterdam,0,danish,0,28387,11.0
117,94,0,amsterdam,0,danish,0,28387,11.0
218,303,0,amsterdam,0,danish,0,28387,11.0
475,109,0,amsterdam,0,danish,0,28387,11.0
880,134,0,amsterdam,0,danish,0,28387,11.0
783,103,0,amsterdam,0,danish,0,28387,11.0
835,106,24,amsterdam,0,danish,0,28387,11.0
224,180,0,amsterdam,0,danish,0,28387,11.0
916,139,0,amsterdam,0,danish,0,28387,11.0
45,181,0,amsterdam,0,danish,0,28387,11.0
83,181,0,amsterdam,0,danish,0,28387,11.0
515,421,0,amsterdam,0,danish,0,28387,11.0
674,139,0,amsterdam,0,danish,0,28387,11.0
101,412,0,amsterdam,0,danish,0,28387,11.0
587,157,0,amsterdam,0,danish,0,28387,11.0
658,184,0,amsterdam,0,danish,0,28387,11.0
788,112,0,amsterdam,0,danish,0,28387,11.0
809,420,0,amsterdam,0,danish,0,28387,11.0
311,106,12,amsterdam,0,danish,0,28387,11.0
223,156,0,amsterdam,0,danish,0,28387,11.0
105,180,0,amsterdam,0,danish,0,28387,11.0
256,81,0,amsterdam,0,danish,0,28387,11.0
604,134,0,amsterdam,0,danish,0,28387,11.0
567,95,0,amsterdam,0,danish,0,28387,11.0
821,113,0,amsterdam,0,danish,0,28387,11.0
594,435,0,amsterdam,0,danish,0,28387,11.0
806,277,1,amsterdam,0,danish,0,28387,11.0
750,116,7,amsterdam,0,danish,0,28387,11.0
34,81,0,amsterdam,0,danish,0,28387,11.0
745,113,0,amsterdam,0,danish,0,28387,11.0
777,186,0,amsterdam,0,danish,0,28387,11.0
283,119,0,amsterdam,0,danish,0,28387,11.0
588,180,0,amsterdam,0,danish,0,28387,11.0
762,180,0,amsterdam,0,danish,0,28387,11.0
211,153,0,amsterdam,0,danish,0,28387,11.0
630,159,0,amsterdam,0,danish,0,28387,11.0
111,151,2,amsterdam,0,danish,0,28387,11.0
778,112,0,amsterdam,0,danish,0,28387,11.0
158,184,0,amsterdam,0,danish,0,28387,11.0
715,180,0,amsterdam,0,danish,0,28387,11.0
724,383,0,amsterdam,0,danish,0,28387,11.0
157,383,0,amsterdam,0,danish,0,28387,11.0
234,180,0,amsterdam,0,danish,0,28387,11.0
867,153,0,amsterdam,0,danish,0,28387,11.0
410,132,0,amsterdam,0,danish,0,28387,11.0
570,111,0,amsterdam,0,danish,0,28387,11.0
230,189,0,amsterdam,0,danish,0,28387,11.0
517,198,0,amsterdam,0,danish,0,28387,11.0
585,81,0,amsterdam,0,danish,0,28387,11.0
892,287,0,amsterdam,0,danish,0,28387,11.0
507,130,0,amsterdam,0,danish,0,28387,11.0
482,83,0,amsterdam,0,danish,0,28387,11.0
706,130,0,amsterdam,0,danish,0,28387,11.0
264,82,0,amsterdam,0,danish,0,28387,11.0
417,184,0,amsterdam,0,danish,0,28387,11.0
366,81,0,amsterdam,0,danish,0,28387,11.0
779,308,0,amsterdam,0,danish,0,28387,11.0
317,210,0,amsterdam,0,danish,0,28387,11.0
140,191,0,amsterdam,0,danish,0,28387,11.0
373,186,0,amsterdam,0,danish,0,28387,11.0
307,130,0,amsterdam,0,danish,0,28387,11.0
807,420,0,amsterdam,0,danish,0,28387,11.0
326,370,0,amsterdam,0,danish,0,28387,11.0
505,112,0,amsterdam,0,danish,0,28387,11.0
103,187,5,amsterdam,0,danish,0,28387,11.0
16,184,0,amsterdam,0,danish,0,28387,11.0
679,156,0,amsterdam,0,danish,0,28387,11.0
369,78,0,amsterdam,0,danish,0,28387,11.0
172,136,0,amsterdam,0,danish,0,28387,11.0
752,416,0,amsterdam,0,danish,0,28387,11.0
441,220,0,amsterdam,0,danish,0,28387,11.0
85,162,0,amsterdam,0,danish,0,28387,11.0
375,109,0,amsterdam,0,danish,0,28387,11.0
196,113,0,amsterdam,0,danish,0,28387,11.0
945,186,0,amsterdam,0,danish,0,28387,11.0
581,154,0,amsterdam,0,danish,0,28387,11.0
163,300,0,amsterdam,0,danish,0,28387,11.0
960,421,0,amsterdam,0,danish,0,28387,11.0
493,181,0,amsterdam,0,danish,0,28387,11.0
269,157,0,amsterdam,0,danish,0,28387,11.0
10,157,0,amsterdam,0,danish,0,28387,11.0
271,84,0,amsterdam,0,danish,0,28387,11.0
921,95,0,amsterdam,0,danish,0,28387,11.0
660,178,0,amsterdam,0,danish,0,28387,11.0
510,443,0,amsterdam,0,danish,0,28387,11.0
603,370,0,amsterdam,0,danish,0,28387,11.0
352,103,14,amsterdam,0,danish,0,28387,11.0
12,81,0,amsterdam,0,danish,0,28387,11.0
680,156,0,amsterdam,0,danish,0,28387,11.0
902,217,0,amsterdam,0,danish,0,28387,11.0
429,258,7,amsterdam,0,danish,0,28387,11.0
967,81,0,amsterdam,0,danish,0,28387,11.0
878,112,0,amsterdam,0,danish,0,28387,11.0
917,418,0,amsterdam,0,danish,0,28387,11.0
969,87,0,amsterdam,0,danish,0,28387,11.0
676,95,0,amsterdam,0,danish,0,28387,11.0
971,184,0,amsterdam,0,danish,0,28387,11.0
82,112,0,amsterdam,0,danish,0,28387,11.0
743,178,0,amsterdam,0,danish,0,28387,11.0
